Parent Menu Item Title,Menu Item Title,Menu Item Type,Menu Item URL
,Home,HTTP,/
,Catalogue,HTTP,/
,Brand,HTTP,/
,Category Product,HTTP,/
Category Product,Cooking Equipment,COLLECTION,/collections/cooking-equipment
Cooking Equipment,Automatic Cooking Machines,COLLECTION,/collections/automatic-cooking-machines
Cooking Equipment,Boiling Pans & Tilting Kettles,COLLECTION,/collections/boiling-pans-tilting-kettles
Cooking Equipment,Cooking Ranges,COLLECTION,/collections/cooking-ranges
Cooking Equipment,Commercial Grills,COLLECTION,/collections/commercial-grills
Cooking Equipment,Charcoal Cooking Equipment,COLLECTION,/collections/charcoal-cooking-equipment
Cooking Equipment,Commercial Exhaust Hood,COLLECTION,/collections/commercial-exhaust-hood
Cooking Equipment,Commercial Fryers,COLLECTION,/collections/commercial-fryers
Cooking Equipment,Egg Boilers,COLLECTION,/collections/egg-boilers
Cooking Equipment,Kebab Machines,COLLECTION,/collections/kebab-machines
Cooking Equipment,Roasters & Rotisseries,COLLECTION,/collections/roasters-rotisseries
Cooking Equipment,Pasta & Noodle Cookers,COLLECTION,/collections/pasta-noodle-cookers
Cooking Equipment,Sous Vide Circulators,COLLECTION,/collections/sous-vide-circulators
Cooking Equipment,Rice Cookers,COLLECTION,/collections/rice-cookers
Cooking Equipment,Steamers,COLLECTION,/collections/steamers
Cooking Equipment,Outdoor Cooking Equipment,COLLECTION,/collections/outdoor-cooking-equipment
Cooking Equipment,Smoke Machines,COLLECTION,/collections/smoke-machines
Cooking Equipment,Oden Cooker,COLLECTION,/collections/oden-cooker
Category Product,Food Preparation,COLLECTION,/collections/food-preparation
Food Preparation,Automatic Sieve Machines,COLLECTION,/collections/automatic-sieve-machines
Food Preparation,Commercial Food Processors,COLLECTION,/collections/commercial-food-processors
Food Preparation,Can Openers & Can Crushers,COLLECTION,/collections/can-openers-can-crushers
Food Preparation,Food Blenders,COLLECTION,/collections/food-blenders
Food Preparation,Food Dehydrators,COLLECTION,/collections/food-dehydrators
Food Preparation,Grinders & Graters,COLLECTION,/collections/grinders-graters
Food Preparation,Immersion Blender,COLLECTION,/collections/immersion-blender
Food Preparation,Meat Processing Equipment,COLLECTION,/collections/meat-processing-equipment
Food Preparation,Milling Machines,COLLECTION,/collections/milling-machines
Food Preparation,Pacojet,COLLECTION,/collections/pacojet
Food Preparation,Pasta Machines,COLLECTION,/collections/pasta-machines
Food Preparation,Vegetable Cutter Equipment,COLLECTION,/collections/vegetable-cutter-equipment
Food Preparation,Vacuum Sealers,COLLECTION,/collections/vacuum-sealers
Category Product,Refrigeration Equipment,COLLECTION,/collections/refrigeration-equipment
Refrigeration Equipment,Undercounter Refrigeration,COLLECTION,/collections/undercounter-refrigeration
Refrigeration Equipment,Upright Refrigeration,COLLECTION,/collections/upright-refrigeration
Refrigeration Equipment,Drawer Refrigeration,COLLECTION,/collections/drawer-refrigeration
Refrigeration Equipment,Preparation Refrigeration,COLLECTION,/collections/preparation-refrigeration
Refrigeration Equipment,Chef Bases,COLLECTION,/collections/chef-bases
Refrigeration Equipment,Chest Freezers,COLLECTION,/collections/chest-freezers
Refrigeration Equipment,Display Refrigeration,COLLECTION,/collections/display-refrigeration
Refrigeration Equipment,Blast Chillers & Freezers,COLLECTION,/collections/blast-chillers-freezers
Refrigeration Equipment,Gelato & Ice Cream Showcases,COLLECTION,/collections/gelato-ice-cream-showcases
Refrigeration Equipment,Ice Machines,COLLECTION,/collections/ice-machines
Refrigeration Equipment,Walk-in Refrigeration,COLLECTION,/collections/walk-in-refrigeration
Refrigeration Equipment,Drop-In Cold Wells,COLLECTION,/collections/drop-in-cold-wells
Refrigeration Equipment,Drying Refrigeration,COLLECTION,/collections/drying-refrigeration
Refrigeration Equipment,Wine Refrigeration,COLLECTION,/collections/wine-refrigeration
Refrigeration Equipment,Cigar Refrigeration,COLLECTION,/collections/cigar-refrigeration
Category Product,Commercial Ovens,COLLECTION,/collections/commercial-ovens
Commercial Ovens,Combination Ovens,COLLECTION,/collections/combination-ovens
Commercial Ovens,Conveyor Ovens,COLLECTION,/collections/conveyor-ovens
Commercial Ovens,High Speed Ovens,COLLECTION,/collections/high-speed-ovens
Commercial Ovens,Convection Ovens,COLLECTION,/collections/convection-ovens
Commercial Ovens,Deck Ovens,COLLECTION,/collections/deck-ovens
Commercial Ovens,Pizza Ovens,COLLECTION,/collections/pizza-ovens
Commercial Ovens,Microwave Ovens,COLLECTION,/collections/microwave-ovens
Commercial Ovens,Oven Accessories,COLLECTION,/collections/oven-accessories
Category Product,Bakery Equipment,COLLECTION,/collections/bakery-equipment
Bakery Equipment,Bread Slicers,COLLECTION,/collections/bread-slicers
Bakery Equipment,Planetary Mixers,COLLECTION,/collections/planetary-mixers
Bakery Equipment,Spiral Mixers,COLLECTION,/collections/spiral-mixers
Bakery Equipment,Double Arm Mixers,COLLECTION,/collections/double-arm-mixers
Bakery Equipment,Dough Sheeters,COLLECTION,/collections/dough-sheeters
Bakery Equipment,Retarder Proofers,COLLECTION,/collections/retarder-proofers
Bakery Equipment,Proofers,COLLECTION,/collections/proofers
Bakery Equipment,Rolling Machines,COLLECTION,/collections/rolling-machines
Bakery Equipment,Dough Dividers and Rounders,COLLECTION,/collections/dough-dividers-and-rounders
Bakery Equipment,Commercial Toasters,COLLECTION,/collections/commercial-toasters
Bakery Equipment,Crepe Machines,COLLECTION,/collections/crepe-machines
Bakery Equipment,Waffle Machines,COLLECTION,/collections/waffle-machines
Bakery Equipment,Popcorn Machines,COLLECTION,/collections/popcorn-machines
Bakery Equipment,Caramelisers,COLLECTION,/collections/caramelisers
Category Product,Warming Equipment,COLLECTION,/collections/warming-equipment
Warming Equipment,Countertop Warmers,COLLECTION,/collections/countertop-warmers
Warming Equipment,Strip Warmers,COLLECTION,/collections/strip-warmers
Warming Equipment,Heat Lamps,COLLECTION,/collections/heat-lamps
Warming Equipment,Chocolate Warmers,COLLECTION,/collections/chocolate-warmers
Warming Equipment,Plate Warmers,COLLECTION,/collections/plate-warmers
Warming Equipment,Steam Warmers,COLLECTION,/collections/steam-warmers
Warming Equipment,Rethermaliser,COLLECTION,/collections/rethermaliser
Warming Equipment,Drawer Warmers,COLLECTION,/collections/drawer-warmers
Warming Equipment,Towel Warmers,COLLECTION,/collections/towel-warmers
Category Product,Beverage Equipment,COLLECTION,/collections/beverage-equipment
Beverage Equipment,Commercial Blender,COLLECTION,/collections/commercial-blender
Beverage Equipment,Drink Mixers,COLLECTION,/collections/drink-mixers
Beverage Equipment,Juice Machines,COLLECTION,/collections/juice-machines
Beverage Equipment,Milk Tea Shop Equipment,COLLECTION,/collections/milk-tea-shop-equipment
Beverage Equipment,Can Openers & Can Crushers,COLLECTION,/collections/can-openers-can-crushers
Beverage Equipment,Coffee Urns,COLLECTION,/collections/coffee-urns
Beverage Equipment,Coffee Brewers,COLLECTION,/collections/coffee-brewers
Beverage Equipment,Coffee Warmers / Boilers,COLLECTION,/collections/coffee-warmers-boilers
Beverage Equipment,Coffee Grinders,COLLECTION,/collections/coffee-grinders
Beverage Equipment,Coffee Decanters,COLLECTION,/collections/coffee-decanters
Beverage Equipment,Coffee Accessories,COLLECTION,/collections/coffee-accessories
Beverage Equipment,Ice Crushers / Shavers,COLLECTION,/collections/ice-crushers-shavers
Beverage Equipment,Water Boilers,COLLECTION,/collections/water-boilers
Beverage Equipment,Beverage Dispensers,COLLECTION,/collections/beverage-dispensers
Beverage Equipment,Water Coolers,COLLECTION,/collections/water-coolers
Beverage Equipment,Slush Machines,COLLECTION,/collections/slush-machines
Beverage Equipment,Water filter and softener,COLLECTION,/collections/water-filter-and-softener
Category Product,Stainless Steel Fabrication,COLLECTION,/collections/stainless-steel-fabrication
Stainless Steel Fabrication,Bain Marie,COLLECTION,/collections/bain-marie
Stainless Steel Fabrication,Cabinet,COLLECTION,/collections/cabinet
Stainless Steel Fabrication,Chinese Range,COLLECTION,/collections/chinese-range
Stainless Steel Fabrication,Clean Dish Table,COLLECTION,/collections/clean-dish-table
Stainless Steel Fabrication,Cocktail Unit,COLLECTION,/collections/cocktail-unit
Stainless Steel Fabrication,Equipment Stand,COLLECTION,/collections/equipment-stand
Stainless Steel Fabrication,Exhaust Hood,COLLECTION,/collections/exhaust-hood
Stainless Steel Fabrication,Grease Trap,COLLECTION,/collections/grease-trap
Stainless Steel Fabrication,Gutter,COLLECTION,/collections/gutter
Stainless Steel Fabrication,Ice Bin Cabinet,COLLECTION,/collections/ice-bin-cabinet
Stainless Steel Fabrication,Noodle Range,COLLECTION,/collections/noodle-range
Stainless Steel Fabrication,Over Hi Shelf,COLLECTION,/collections/over-hi-shelf
Stainless Steel Fabrication,Plate Warmer,COLLECTION,/collections/plate-warmer
Stainless Steel Fabrication,Pot Rail,COLLECTION,/collections/pot-rail
Stainless Steel Fabrication,Stainless Steel Shelving,COLLECTION,/collections/stainless-steel-shelving
Stainless Steel Fabrication,Sinks,COLLECTION,/collections/sinks
Stainless Steel Fabrication,Sink Tables,COLLECTION,/collections/sink-tables
Stainless Steel Fabrication,Soiled Dish Table,COLLECTION,/collections/soiled-dish-table
Stainless Steel Fabrication,Soup Range,COLLECTION,/collections/soup-range
Stainless Steel Fabrication,Stock Pot Stove,COLLECTION,/collections/stock-pot-stove
Stainless Steel Fabrication,Thai Range,COLLECTION,/collections/thai-range
Stainless Steel Fabrication,Tray Slide,COLLECTION,/collections/tray-slide
Stainless Steel Fabrication,Wall Cabinet,COLLECTION,/collections/wall-cabinet
Stainless Steel Fabrication,Wall Shelf,COLLECTION,/collections/wall-shelf
Stainless Steel Fabrication,Work Table,COLLECTION,/collections/work-table
Stainless Steel Fabrication,Footings,COLLECTION,/collections/footings
Category Product,Warewashing & Sanitisation,COLLECTION,/collections/warewashing-sanitisation
Warewashing & Sanitisation,Dishwashers,COLLECTION,/collections/dishwashers
Warewashing & Sanitisation,Pot & Pan Washers,COLLECTION,/collections/pot-pan-washers
Warewashing & Sanitisation,Glasswashers,COLLECTION,/collections/glasswashers
Warewashing & Sanitisation,Warewashing Racks,COLLECTION,/collections/warewashing-racks
Warewashing & Sanitisation,Ozone Equipment,COLLECTION,/collections/ozone-equipment
Warewashing & Sanitisation,Sanitising Equipment,COLLECTION,/collections/sanitising-equipment
Warewashing & Sanitisation,Warewashing Chemicals,COLLECTION,/collections/warewashing-chemicals
Warewashing & Sanitisation,Warewashing Chemical Dispenser,COLLECTION,/collections/warewashing-chemical-dispenser
Warewashing & Sanitisation,Warewashing Sinks & Tables,COLLECTION,/collections/warewashing-sinks-tables
Warewashing & Sanitisation,Commercial Faucets & Plumbing,COLLECTION,/collections/commercial-faucets-plumbing
Warewashing & Sanitisation,Glass Rinsers,COLLECTION,/collections/glass-rinsers
Warewashing & Sanitisation,Food Dehydrators,COLLECTION,/collections/food-dehydrators
Category Product,Storage & Transport,COLLECTION,/collections/storage-transport
Storage & Transport,Shelving,COLLECTION,/collections/shelving
Storage & Transport,Carts & Trolleys,COLLECTION,/collections/carts-trolleys
Storage & Transport,Insulated Carriers,COLLECTION,/collections/insulated-carriers
Storage & Transport,Dinnerware Storage & Transport,COLLECTION,/collections/dinnerware-storage-transport
Storage & Transport,Dunnage Racks,COLLECTION,/collections/dunnage-racks
Storage & Transport,Portable Bar,COLLECTION,/collections/portable-bar
Category Product,Smallwares,COLLECTION,/collections/smallwares
Smallwares,Food Storage Supplies,COLLECTION,/collections/food-storage-supplies
Smallwares,Bar Supplies,COLLECTION,/collections/bar-supplies
Smallwares,Cookware,COLLECTION,/collections/cookware
Smallwares,Kitchen Utensils,COLLECTION,/collections/kitchen-utensils
Smallwares,Kitchen Cutlery,COLLECTION,/collections/kitchen-cutlery
Smallwares,Cutting Boards & Accessories,COLLECTION,/collections/cutting-boards-accessories
Smallwares,Commercial Scales,COLLECTION,/collections/commercial-scales
Smallwares,Thermometers,COLLECTION,/collections/thermometers
Smallwares,Tongs,COLLECTION,/collections/tongs
Smallwares,Trays & Tray Stands,COLLECTION,/collections/trays-tray-stands
Smallwares,Kitchen Torches & Fuel,COLLECTION,/collections/kitchen-torches-fuel
Smallwares,Chef Clothing,COLLECTION,/collections/chef-clothing
Smallwares,Preparation Tools,COLLECTION,/collections/preparation-tools
Smallwares,Server Supplies,COLLECTION,/collections/server-supplies
Smallwares,Kitchen Timers,COLLECTION,/collections/kitchen-timers
Category Product,Bakery Utensils,COLLECTION,/collections/bakery-utensils
Bakery Utensils,Baking Pans & Grids,COLLECTION,/collections/baking-pans-grids
Bakery Utensils,Baking Molds,COLLECTION,/collections/baking-molds
Bakery Utensils,Baking Tools & Utensils,COLLECTION,/collections/baking-tools-utensils
Bakery Utensils,Decorating Tools,COLLECTION,/collections/decorating-tools
Bakery Utensils,Proofing Baskets,COLLECTION,/collections/proofing-baskets
Bakery Utensils,Loaf Pans,COLLECTION,/collections/loaf-pans
Bakery Utensils,Pizza Pans & Tools,COLLECTION,/collections/pizza-pans-tools
Category Product,Tableware & Buffetware,COLLECTION,/collections/tableware-buffetware
Tableware & Buffetware,Dinnerware,COLLECTION,/collections/dinnerware
Tableware & Buffetware,Insulated Dinnerware,COLLECTION,/collections/insulated-dinnerware
Tableware & Buffetware,Flatware,COLLECTION,/collections/flatware
Tableware & Buffetware,Servingware,COLLECTION,/collections/servingware
Tableware & Buffetware,Plate Covers,COLLECTION,/collections/plate-covers
Tableware & Buffetware,Display Covers,COLLECTION,/collections/display-covers
Tableware & Buffetware,Condiment Servers,COLLECTION,/collections/condiment-servers
Tableware & Buffetware,Beverageware,COLLECTION,/collections/beverageware
Tableware & Buffetware,Beverage Service,COLLECTION,/collections/beverage-service
Tableware & Buffetware,Tabletop Accessories,COLLECTION,/collections/tabletop-accessories
Tableware & Buffetware,Buffetware,COLLECTION,/collections/buffetware
Category Product,Janitorial Supplies,COLLECTION,/collections/janitorial-supplies
Janitorial Supplies,Trays & Tray Stands,COLLECTION,/collections/trays-tray-stands
Janitorial Supplies,Janitorial Equipment,COLLECTION,/collections/janitorial-equipment
Janitorial Supplies,Cleaning Tools,COLLECTION,/collections/cleaning-tools
Janitorial Supplies,Janitorial Carts,COLLECTION,/collections/janitorial-carts
Janitorial Supplies,Trash Bins,COLLECTION,/collections/trash-bins
Janitorial Supplies,Mats,COLLECTION,/collections/mats
Janitorial Supplies,Ladders,COLLECTION,/collections/ladders
Janitorial Supplies,Cleaning Chemicals,COLLECTION,/collections/cleaning-chemicals
Category Product,Hotel Supplies,COLLECTION,/collections/hotel-supplies
Hotel Supplies,Refrigeration,COLLECTION,/collections/refrigeration
Hotel Supplies,Safe Boxes,COLLECTION,/collections/safe-boxes
Hotel Supplies,Electric Kettles,COLLECTION,/collections/electric-kettles
Hotel Supplies,Bath Mats,COLLECTION,/collections/bath-mats
Hotel Supplies,Luggage Racks,COLLECTION,/collections/luggage-racks
Hotel Supplies,Torches,COLLECTION,/collections/torches
Hotel Supplies,Bed & Bath Linens,COLLECTION,/collections/bed-bath-linens
Hotel Supplies,Lobby Supplies,COLLECTION,/collections/lobby-supplies
Hotel Supplies,Bathroom Accessories,COLLECTION,/collections/bathroom-accessories
Hotel Supplies,Telephone,COLLECTION,/collections/telephone
Category Product,Furniture & Seating,COLLECTION,/collections/furniture-seating
Furniture & Seating,Baby Chairs,COLLECTION,/collections/baby-chairs
Category Product,Disposables,COLLECTION,/collections/disposables
Disposables,Food Label Stickers,COLLECTION,/collections/food-label-stickers
,Category Spare Parts,HTTP,/
Category Spare Parts,Consumables & Service Parts,COLLECTION,/collections/consumables-service-parts
Consumables & Service Parts,Bag,COLLECTION,/collections/bag
Consumables & Service Parts,Brush,COLLECTION,/collections/brush
Consumables & Service Parts,Cable Tie,COLLECTION,/collections/cable-tie
Consumables & Service Parts,Ceramic,COLLECTION,/collections/ceramic
Consumables & Service Parts,Chemical,COLLECTION,/collections/chemical
Consumables & Service Parts,Chopping Blade,COLLECTION,/collections/chopping-blade
Consumables & Service Parts,Cleaner,COLLECTION,/collections/cleaner
Consumables & Service Parts,Filter,COLLECTION,/collections/filter
Consumables & Service Parts,Gasket,COLLECTION,/collections/gasket
Consumables & Service Parts,Glue,COLLECTION,/collections/glue
Consumables & Service Parts,Grease,COLLECTION,/collections/grease
Consumables & Service Parts,Lubricant,COLLECTION,/collections/lubricant
Consumables & Service Parts,Mop,COLLECTION,/collections/mop
Consumables & Service Parts,Oil,COLLECTION,/collections/oil
Consumables & Service Parts,O-Ring,COLLECTION,/collections/o-ring
Consumables & Service Parts,Packing,COLLECTION,/collections/packing
Consumables & Service Parts,Polish,COLLECTION,/collections/polish
Consumables & Service Parts,Rubber,COLLECTION,/collections/rubber
Consumables & Service Parts,Scouring Pad,COLLECTION,/collections/scouring-pad
Consumables & Service Parts,Scraper,COLLECTION,/collections/scraper
Consumables & Service Parts,Seal,COLLECTION,/collections/seal
Consumables & Service Parts,Service Parts,COLLECTION,/collections/service-parts
Consumables & Service Parts,Softener,COLLECTION,/collections/softener
Consumables & Service Parts,Spoon,COLLECTION,/collections/spoon
Consumables & Service Parts,Sticker,COLLECTION,/collections/sticker
Consumables & Service Parts,Stone,COLLECTION,/collections/stone
Consumables & Service Parts,Tape,COLLECTION,/collections/tape
Consumables & Service Parts,Teflon,COLLECTION,/collections/teflon
Consumables & Service Parts,Whip,COLLECTION,/collections/whip
Consumables & Service Parts,Wipe,COLLECTION,/collections/wipe
Category Spare Parts,Control Boards & Sensors,COLLECTION,/collections/control-boards-sensors
Control Boards & Sensors,Control Panel,COLLECTION,/collections/control-panel
Control Boards & Sensors,Controller,COLLECTION,/collections/controller
Control Boards & Sensors,Converter,COLLECTION,/collections/converter
Control Boards & Sensors,Display PCB,COLLECTION,/collections/display-pcb
Control Boards & Sensors,Encoder,COLLECTION,/collections/encoder
Control Boards & Sensors,Float Switch,COLLECTION,/collections/float-switch
Control Boards & Sensors,Flow Meter,COLLECTION,/collections/flow-meter
Control Boards & Sensors,Gauge,COLLECTION,/collections/gauge
Control Boards & Sensors,Infrared Sensor,COLLECTION,/collections/infrared-sensor
Control Boards & Sensors,Inverter,COLLECTION,/collections/inverter
Control Boards & Sensors,Level Switch,COLLECTION,/collections/level-switch
Control Boards & Sensors,Limit Switch,COLLECTION,/collections/limit-switch
Control Boards & Sensors,Magnetic Sensor,COLLECTION,/collections/magnetic-sensor
Control Boards & Sensors,Main Board,COLLECTION,/collections/main-board
Control Boards & Sensors,Module,COLLECTION,/collections/module
Control Boards & Sensors,PCB,COLLECTION,/collections/pcb
Control Boards & Sensors,Photo Sensor,COLLECTION,/collections/photo-sensor
Control Boards & Sensors,Position Sensor,COLLECTION,/collections/position-sensor
Control Boards & Sensors,Pressure Switch,COLLECTION,/collections/pressure-switch
Control Boards & Sensors,Probe,COLLECTION,/collections/probe
Control Boards & Sensors,Proximity Sensor,COLLECTION,/collections/proximity-sensor
Control Boards & Sensors,Sensor,COLLECTION,/collections/sensor
Control Boards & Sensors,Speed Control,COLLECTION,/collections/speed-control
Control Boards & Sensors,Temp Control,COLLECTION,/collections/temp-control
Control Boards & Sensors,Thermocouple,COLLECTION,/collections/thermocouple
Control Boards & Sensors,Thermometers,COLLECTION,/collections/thermometers
Control Boards & Sensors,Thermopile,COLLECTION,/collections/thermopile
Control Boards & Sensors,Thermostat,COLLECTION,/collections/thermostat
Control Boards & Sensors,Timer,COLLECTION,/collections/timer
Control Boards & Sensors,Transducer,COLLECTION,/collections/transducer
Category Spare Parts,Electrical & Electronic Components,COLLECTION,/collections/electrical-electronic-components
Electrical & Electronic Components,Ballast,COLLECTION,/collections/ballast
Electrical & Electronic Components,Buzzer,COLLECTION,/collections/buzzer
Electrical & Electronic Components,Cable,COLLECTION,/collections/cable
Electrical & Electronic Components,Capacitor,COLLECTION,/collections/capacitor
Electrical & Electronic Components,Coil,COLLECTION,/collections/coil
Electrical & Electronic Components,Connector,COLLECTION,/collections/connector
Electrical & Electronic Components,Contactor,COLLECTION,/collections/contactor
Electrical & Electronic Components,Diode,COLLECTION,/collections/diode
Electrical & Electronic Components,Display,COLLECTION,/collections/display
Electrical & Electronic Components,Door Switch,COLLECTION,/collections/door-switch
Electrical & Electronic Components,Fuse,COLLECTION,/collections/fuse
Electrical & Electronic Components,Indicator,COLLECTION,/collections/indicator
Electrical & Electronic Components,Inductor,COLLECTION,/collections/inductor
Electrical & Electronic Components,Lamp,COLLECTION,/collections/lamp
Electrical & Electronic Components,Lamp Holder,COLLECTION,/collections/lamp-holder
Electrical & Electronic Components,Light,COLLECTION,/collections/light
Electrical & Electronic Components,Magnet Switch,COLLECTION,/collections/magnet-switch
Electrical & Electronic Components,Magnetron,COLLECTION,/collections/magnetron
Electrical & Electronic Components,Plug,COLLECTION,/collections/plug
Electrical & Electronic Components,Potentiometer,COLLECTION,/collections/potentiometer
Electrical & Electronic Components,Power Cord,COLLECTION,/collections/power-cord
Electrical & Electronic Components,Relay,COLLECTION,/collections/relay
Electrical & Electronic Components,Resistor,COLLECTION,/collections/resistor
Electrical & Electronic Components,Rocker Switch,COLLECTION,/collections/rocker-switch
Electrical & Electronic Components,Socket,COLLECTION,/collections/socket
Electrical & Electronic Components,Speaker,COLLECTION,/collections/speaker
Electrical & Electronic Components,Switch,COLLECTION,/collections/switch
Electrical & Electronic Components,Terminal,COLLECTION,/collections/terminal
Electrical & Electronic Components,Transformer,COLLECTION,/collections/transformer
Electrical & Electronic Components,Wire,COLLECTION,/collections/wire
Category Spare Parts,Mechanical & Mounting Hardware,COLLECTION,/collections/mechanical-mounting-hardware
Mechanical & Mounting Hardware,Adapter,COLLECTION,/collections/adapter
Mechanical & Mounting Hardware,Adjuster,COLLECTION,/collections/adjuster
Mechanical & Mounting Hardware,Bearing Housing,COLLECTION,/collections/bearing-housing
Mechanical & Mounting Hardware,Bolt,COLLECTION,/collections/bolt
Mechanical & Mounting Hardware,Bracket,COLLECTION,/collections/bracket
Mechanical & Mounting Hardware,Bushing,COLLECTION,/collections/bushing
Mechanical & Mounting Hardware,Clamp,COLLECTION,/collections/clamp
Mechanical & Mounting Hardware,Clip,COLLECTION,/collections/clip
Mechanical & Mounting Hardware,Coupler Shaft,COLLECTION,/collections/coupler-shaft
Mechanical & Mounting Hardware,Fastener,COLLECTION,/collections/fastener
Mechanical & Mounting Hardware,Frame,COLLECTION,/collections/frame
Mechanical & Mounting Hardware,Guide Rail,COLLECTION,/collections/guide-rail
Mechanical & Mounting Hardware,Hinge,COLLECTION,/collections/hinge
Mechanical & Mounting Hardware,Holder,COLLECTION,/collections/holder
Mechanical & Mounting Hardware,Hook,COLLECTION,/collections/hook
Mechanical & Mounting Hardware,Joint,COLLECTION,/collections/joint
Mechanical & Mounting Hardware,Lever,COLLECTION,/collections/lever
Mechanical & Mounting Hardware,Lock Nut,COLLECTION,/collections/lock-nut
Mechanical & Mounting Hardware,Mount,COLLECTION,/collections/mount
Mechanical & Mounting Hardware,Nut,COLLECTION,/collections/nut
Mechanical & Mounting Hardware,Pin,COLLECTION,/collections/pin
Mechanical & Mounting Hardware,Plate,COLLECTION,/collections/plate
Mechanical & Mounting Hardware,Retainer,COLLECTION,/collections/retainer
Mechanical & Mounting Hardware,Ring,COLLECTION,/collections/ring
Mechanical & Mounting Hardware,Screw,COLLECTION,/collections/screw
Mechanical & Mounting Hardware,Spacer,COLLECTION,/collections/spacer
Mechanical & Mounting Hardware,Spring Mount,COLLECTION,/collections/spring-mount
Mechanical & Mounting Hardware,Stopper,COLLECTION,/collections/stopper
Mechanical & Mounting Hardware,Support,COLLECTION,/collections/support
Mechanical & Mounting Hardware,Washer,COLLECTION,/collections/washer
Category Spare Parts,Safety & Protection Devices,COLLECTION,/collections/safety-protection-devices
Safety & Protection Devices,Alarm,COLLECTION,/collections/alarm
Safety & Protection Devices,Barrier,COLLECTION,/collections/barrier
Safety & Protection Devices,Breaker,COLLECTION,/collections/breaker
Safety & Protection Devices,Circuit Protector,COLLECTION,/collections/circuit-protector
Safety & Protection Devices,Cover Plate,COLLECTION,/collections/cover-plate
Safety & Protection Devices,Earth Leakage,COLLECTION,/collections/earth-leakage
Safety & Protection Devices,Emergency Stop Button,COLLECTION,/collections/emergency-stop-button
Safety & Protection Devices,Emergency Switch,COLLECTION,/collections/emergency-switch
Safety & Protection Devices,Fuse Box,COLLECTION,/collections/fuse-box
Safety & Protection Devices,Fuse Holder,COLLECTION,/collections/fuse-holder
Safety & Protection Devices,Fuse Link,COLLECTION,/collections/fuse-link
Safety & Protection Devices,Guard Plate,COLLECTION,/collections/guard-plate
Safety & Protection Devices,Heat Shield,COLLECTION,/collections/heat-shield
Safety & Protection Devices,Indicator Lamp,COLLECTION,/collections/indicator-lamp
Safety & Protection Devices,Isolation Switch,COLLECTION,/collections/isolation-switch
Safety & Protection Devices,Lockout Device,COLLECTION,/collections/lockout-device
Safety & Protection Devices,Overload,COLLECTION,/collections/overload
Safety & Protection Devices,Protective Cap,COLLECTION,/collections/protective-cap
Safety & Protection Devices,Relay Socket,COLLECTION,/collections/relay-socket
Safety & Protection Devices,Reset Switch,COLLECTION,/collections/reset-switch
Safety & Protection Devices,Safety Barrier,COLLECTION,/collections/safety-barrier
Safety & Protection Devices,Safety Cover,COLLECTION,/collections/safety-cover
Safety & Protection Devices,Safety Switch,COLLECTION,/collections/safety-switch
Safety & Protection Devices,Sensor Alarm,COLLECTION,/collections/sensor-alarm
Safety & Protection Devices,Shield,COLLECTION,/collections/shield
Safety & Protection Devices,Surge Protector,COLLECTION,/collections/surge-protector
Safety & Protection Devices,Switch Guard,COLLECTION,/collections/switch-guard
Safety & Protection Devices,Thermal Cutoff,COLLECTION,/collections/thermal-cutoff
Safety & Protection Devices,Thermal Relay,COLLECTION,/collections/thermal-relay
Category Spare Parts,Structural & Access Components,COLLECTION,/collections/structural-access-components
Structural & Access Components,Access Handle,COLLECTION,/collections/access-handle
Structural & Access Components,Access Hinge,COLLECTION,/collections/access-hinge
Structural & Access Components,Access Panel,COLLECTION,/collections/access-panel
Structural & Access Components,Access Plate,COLLECTION,/collections/access-plate
Structural & Access Components,Body,COLLECTION,/collections/body
Structural & Access Components,Case,COLLECTION,/collections/case
Structural & Access Components,Cover,COLLECTION,/collections/cover
Structural & Access Components,Divider Bar,COLLECTION,/collections/divider-bar
Structural & Access Components,Door,COLLECTION,/collections/door
Structural & Access Components,Door Lock,COLLECTION,/collections/door-lock
Structural & Access Components,Door Seal,COLLECTION,/collections/door-seal
Structural & Access Components,Door Spring,COLLECTION,/collections/door-spring
Structural & Access Components,Enclosure,COLLECTION,/collections/enclosure
Structural & Access Components,Frame Guard,COLLECTION,/collections/frame-guard
Structural & Access Components,Grill Cover,COLLECTION,/collections/grill-cover
Structural & Access Components,Grille,COLLECTION,/collections/grille
Structural & Access Components,Guard,COLLECTION,/collections/guard
Structural & Access Components,Hatch,COLLECTION,/collections/hatch
Structural & Access Components,Housing,COLLECTION,/collections/housing
Structural & Access Components,Insulator,COLLECTION,/collections/insulator
Structural & Access Components,Latch,COLLECTION,/collections/latch
Structural & Access Components,Lid,COLLECTION,/collections/lid
Structural & Access Components,Panel,COLLECTION,/collections/panel
Structural & Access Components,Partition,COLLECTION,/collections/partition
Structural & Access Components,Protection,COLLECTION,/collections/protection
Structural & Access Components,Seal Frame,COLLECTION,/collections/seal-frame
Structural & Access Components,Trim,COLLECTION,/collections/trim
Structural & Access Components,Vent Panel,COLLECTION,/collections/vent-panel
Structural & Access Components,Window,COLLECTION,/collections/window
Category Spare Parts,Heating, Ignition & Gas Parts,COLLECTION,/collections/heating-ignition-gas-parts
Heating, Ignition & Gas Parts,Boiler,COLLECTION,/collections/boiler
Heating, Ignition & Gas Parts,Burner,COLLECTION,/collections/burner
Heating, Ignition & Gas Parts,Ceramic Heater,COLLECTION,/collections/ceramic-heater
Heating, Ignition & Gas Parts,Electrode,COLLECTION,/collections/electrode
Heating, Ignition & Gas Parts,Flame Rod,COLLECTION,/collections/flame-rod
Heating, Ignition & Gas Parts,Flame Sensor,COLLECTION,/collections/flame-sensor
Heating, Ignition & Gas Parts,Gas Regulator,COLLECTION,/collections/gas-regulator
Heating, Ignition & Gas Parts,Gas Tube,COLLECTION,/collections/gas-tube
Heating, Ignition & Gas Parts,Gas Valve,COLLECTION,/collections/gas-valve
Heating, Ignition & Gas Parts,Heat Exchanger,COLLECTION,/collections/heat-exchanger
Heating, Ignition & Gas Parts,Heater,COLLECTION,/collections/heater
Heating, Ignition & Gas Parts,Heater Element,COLLECTION,/collections/heater-element
Heating, Ignition & Gas Parts,Heating Plate,COLLECTION,/collections/heating-plate
Heating, Ignition & Gas Parts,Ignitor,COLLECTION,/collections/ignitor
Heating, Ignition & Gas Parts,Infrared Heater,COLLECTION,/collections/infrared-heater
Heating, Ignition & Gas Parts,Main Gas,COLLECTION,/collections/main-gas
Heating, Ignition & Gas Parts,Oven Burner,COLLECTION,/collections/oven-burner
Heating, Ignition & Gas Parts,Piezo,COLLECTION,/collections/piezo
Heating, Ignition & Gas Parts,Pilot,COLLECTION,/collections/pilot
Heating, Ignition & Gas Parts,Pilot Assembly,COLLECTION,/collections/pilot-assembly
Heating, Ignition & Gas Parts,Pilot Burner,COLLECTION,/collections/pilot-burner
Heating, Ignition & Gas Parts,Pilot Injector,COLLECTION,/collections/pilot-injector
Heating, Ignition & Gas Parts,Pilot Valve,COLLECTION,/collections/pilot-valve
Heating, Ignition & Gas Parts,Quartz Tube,COLLECTION,/collections/quartz-tube
Heating, Ignition & Gas Parts,Quartz Tube Heater,COLLECTION,/collections/quartz-tube-heater
Heating, Ignition & Gas Parts,Spark Plug,COLLECTION,/collections/spark-plug
Heating, Ignition & Gas Parts,Temperature Sensor,COLLECTION,/collections/temperature-sensor
Heating, Ignition & Gas Parts,Thermal Fuse,COLLECTION,/collections/thermal-fuse
Heating, Ignition & Gas Parts,Thermo Fuse,COLLECTION,/collections/thermo-fuse
Heating, Ignition & Gas Parts,Thermostat Rod,COLLECTION,/collections/thermostat-rod
Category Spare Parts,Motors, Fans & Actuators,COLLECTION,/collections/motors-fans-actuators
Motors, Fans & Actuators,Actuator,COLLECTION,/collections/actuator
Motors, Fans & Actuators,Armature,COLLECTION,/collections/armature
Motors, Fans & Actuators,Bearing,COLLECTION,/collections/bearing
Motors, Fans & Actuators,Blower,COLLECTION,/collections/blower
Motors, Fans & Actuators,Clutch,COLLECTION,/collections/clutch
Motors, Fans & Actuators,Coupling,COLLECTION,/collections/coupling
Motors, Fans & Actuators,Drive Belt,COLLECTION,/collections/drive-belt
Motors, Fans & Actuators,Drive Unit,COLLECTION,/collections/drive-unit
Motors, Fans & Actuators,Fan,COLLECTION,/collections/fan
Motors, Fans & Actuators,Gear,COLLECTION,/collections/gear
Motors, Fans & Actuators,Gearbox,COLLECTION,/collections/gearbox
Motors, Fans & Actuators,Linear Actuator,COLLECTION,/collections/linear-actuator
Motors, Fans & Actuators,Motor,COLLECTION,/collections/motor
Motors, Fans & Actuators,Motor Bracket,COLLECTION,/collections/motor-bracket
Motors, Fans & Actuators,Motor Bushing,COLLECTION,/collections/motor-bushing
Motors, Fans & Actuators,Motor Frame,COLLECTION,/collections/motor-frame
Motors, Fans & Actuators,Motor Mount,COLLECTION,/collections/motor-mount
Motors, Fans & Actuators,Motor Pin,COLLECTION,/collections/motor-pin
Motors, Fans & Actuators,Motor Plate,COLLECTION,/collections/motor-plate
Motors, Fans & Actuators,Motor Ring,COLLECTION,/collections/motor-ring
Motors, Fans & Actuators,Motor Spacer,COLLECTION,/collections/motor-spacer
Motors, Fans & Actuators,Motor Stopper,COLLECTION,/collections/motor-stopper
Motors, Fans & Actuators,Motor Support,COLLECTION,/collections/motor-support
Motors, Fans & Actuators,Pulley,COLLECTION,/collections/pulley
Motors, Fans & Actuators,Rotor,COLLECTION,/collections/rotor
Motors, Fans & Actuators,Servo Motor,COLLECTION,/collections/servo-motor
Motors, Fans & Actuators,Shaft,COLLECTION,/collections/shaft
Motors, Fans & Actuators,Spring,COLLECTION,/collections/spring
Motors, Fans & Actuators,Startor,COLLECTION,/collections/startor
Motors, Fans & Actuators,Stator,COLLECTION,/collections/stator
Category Spare Parts,Pumps, Compressors & Fluid Systems,COLLECTION,/collections/pumps-compressors-fluid-systems
Pumps, Compressors & Fluid Systems,Check Valve,COLLECTION,/collections/check-valve
Pumps, Compressors & Fluid Systems,Compressor,COLLECTION,/collections/compressor
Pumps, Compressors & Fluid Systems,Condenser,COLLECTION,/collections/condenser
Pumps, Compressors & Fluid Systems,Coupler,COLLECTION,/collections/coupler
Pumps, Compressors & Fluid Systems,Drain,COLLECTION,/collections/drain
Pumps, Compressors & Fluid Systems,Drain Plug,COLLECTION,/collections/drain-plug
Pumps, Compressors & Fluid Systems,Evaporator,COLLECTION,/collections/evaporator
Pumps, Compressors & Fluid Systems,Expansion Valve,COLLECTION,/collections/expansion-valve
Pumps, Compressors & Fluid Systems,Faucet,COLLECTION,/collections/faucet
Pumps, Compressors & Fluid Systems,Fitting,COLLECTION,/collections/fitting
Pumps, Compressors & Fluid Systems,Float Valve,COLLECTION,/collections/float-valve
Pumps, Compressors & Fluid Systems,Flow Regulator,COLLECTION,/collections/flow-regulator
Pumps, Compressors & Fluid Systems,Fluid Filter,COLLECTION,/collections/fluid-filter
Pumps, Compressors & Fluid Systems,Hose,COLLECTION,/collections/hose
Pumps, Compressors & Fluid Systems,Hydraulic Pump,COLLECTION,/collections/hydraulic-pump
Pumps, Compressors & Fluid Systems,Manifold,COLLECTION,/collections/manifold
Pumps, Compressors & Fluid Systems,Nozzle,COLLECTION,/collections/nozzle
Pumps, Compressors & Fluid Systems,Pipe,COLLECTION,/collections/pipe
Pumps, Compressors & Fluid Systems,Pipe Clamp,COLLECTION,/collections/pipe-clamp
Pumps, Compressors & Fluid Systems,Pipe Connector,COLLECTION,/collections/pipe-connector
Pumps, Compressors & Fluid Systems,Pressure Gauge,COLLECTION,/collections/pressure-gauge
Pumps, Compressors & Fluid Systems,Pump,COLLECTION,/collections/pump
Pumps, Compressors & Fluid Systems,Regulator,COLLECTION,/collections/regulator
Pumps, Compressors & Fluid Systems,Solenoid,COLLECTION,/collections/solenoid
Pumps, Compressors & Fluid Systems,Spray Nozzle,COLLECTION,/collections/spray-nozzle
Pumps, Compressors & Fluid Systems,Tank,COLLECTION,/collections/tank
Pumps, Compressors & Fluid Systems,Tap,COLLECTION,/collections/tap
Pumps, Compressors & Fluid Systems,Union Joint,COLLECTION,/collections/union-joint
Pumps, Compressors & Fluid Systems,Vacuum Pump,COLLECTION,/collections/vacuum-pump
Pumps, Compressors & Fluid Systems,Valve,COLLECTION,/collections/valve
Category Spare Parts,Storage, Handling & Mobility,COLLECTION,/collections/storage-handling-mobility
Storage, Handling & Mobility,Basket,COLLECTION,/collections/basket
Storage, Handling & Mobility,Bin,COLLECTION,/collections/bin
Storage, Handling & Mobility,Bowl,COLLECTION,/collections/bowl
Storage, Handling & Mobility,Caddy,COLLECTION,/collections/caddy
Storage, Handling & Mobility,Cart,COLLECTION,/collections/cart
Storage, Handling & Mobility,Caster Wheel,COLLECTION,/collections/caster-wheel
Storage, Handling & Mobility,Container,COLLECTION,/collections/container
Storage, Handling & Mobility,Drawer,COLLECTION,/collections/drawer
Storage, Handling & Mobility,Drawer Rail,COLLECTION,/collections/drawer-rail
Storage, Handling & Mobility,Foot,COLLECTION,/collections/foot
Storage, Handling & Mobility,Frame Base,COLLECTION,/collections/frame-base
Storage, Handling & Mobility,Frame Support,COLLECTION,/collections/frame-support
Storage, Handling & Mobility,Handle Grip,COLLECTION,/collections/handle-grip
Storage, Handling & Mobility,Leg,COLLECTION,/collections/leg
Storage, Handling & Mobility,Pan,COLLECTION,/collections/pan
Storage, Handling & Mobility,Platform,COLLECTION,/collections/platform
Storage, Handling & Mobility,Rack,COLLECTION,/collections/rack
Storage, Handling & Mobility,Roller,COLLECTION,/collections/roller
Storage, Handling & Mobility,Shelf,COLLECTION,/collections/shelf
Storage, Handling & Mobility,Stand,COLLECTION,/collections/stand
Storage, Handling & Mobility,Storage Box,COLLECTION,/collections/storage-box
Storage, Handling & Mobility,Table Stand,COLLECTION,/collections/table-stand
Storage, Handling & Mobility,Tool Holder,COLLECTION,/collections/tool-holder
Storage, Handling & Mobility,Tray,COLLECTION,/collections/tray
Storage, Handling & Mobility,Tray Holder,COLLECTION,/collections/tray-holder
Storage, Handling & Mobility,Trolley,COLLECTION,/collections/trolley
Storage, Handling & Mobility,Utensil Holder,COLLECTION,/collections/utensil-holder
Storage, Handling & Mobility,Wheel,COLLECTION,/collections/wheel
Storage, Handling & Mobility,Wheel Stopper,COLLECTION,/collections/wheel-stopper
Storage, Handling & Mobility,Table,COLLECTION,/collections/table
,Blog,HTTP,/