Brand Name,link image
Iwatani,https://www.sevenfive.co.th/files/brand/logo/logob75dd9e04b4feb9aceec325a963c1d09.png
Nordways,https://www.sevenfive.co.th/files/brand/logo/logob45947888ffbb8734806598260242e7b.png
Wisco,https://www.sevenfive.co.th/files/brand/logo/logo2125f4d3ab66b5cca7edd84d143ae082.png
Autata,https://www.sevenfive.co.th/files/brand/logo/logofd86343fe982be8363e1694de564c2af.png
West Bend,https://www.sevenfive.co.th/files/brand/logo/logob3da8cc9d81887a8d8e5671a01cea9aa.png
Tri-Star,https://www.sevenfive.co.th/files/brand/logo/logof90c9f58d0e131bf7be4468516a9bbb1.png
Tabco,https://www.sevenfive.co.th/files/brand/logo/logod480ff6f8be6417f4aa3d5bbdd4c2149.png
STAR,https://www.sevenfive.co.th/files/brand/logo/logob8a20e18417f3ee8dbe352a8cf946081.png
Savory,https://www.sevenfive.co.th/files/brand/logo/logo9b94a246d6d4870471fec7142316c36c.png
Roundup,https://www.sevenfive.co.th/files/brand/logo/logo8923039cbe4e1b50a2852ecc90d1706e.png
Raven,https://www.sevenfive.co.th/files/brand/logo/logo09037c10fa3a6f5e5ab6083cae4f395c.png
Proluxe,https://www.sevenfive.co.th/files/brand/logo/logo99dea566aa0a99e428e048f1158dcebf.png
Power Line,https://www.sevenfive.co.th/files/brand/logo/logo985b470a4d9a5b9aad8a492ea88c97ab.png
New Ton,https://www.sevenfive.co.th/files/brand/logo/logoce882ab3dbe3c08192ad4cc859d40503.png
MYUNGSE CMK,https://www.sevenfive.co.th/files/brand/logo/logod959c5695e18ea63ba0547c665ca28db.png
Maxximum,https://www.sevenfive.co.th/files/brand/logo/logo0a4ae18d3d9f61138849638b939cc1b1.png
Lakeside,https://www.sevenfive.co.th/files/brand/logo/logoc665c4fcc682195351f9c105dec19299.png
Huayi,https://www.sevenfive.co.th/files/brand/logo/logo81c173a1680dcadfe7048fa21b6d2a8e.png
Gold Mendal,https://www.sevenfive.co.th/files/brand/logo/logo346c3ac69d60b89fa237c78d8b395f68.png
GMI,https://www.sevenfive.co.th/files/brand/logo/logo5c160cfb7c11fdc731203100eeaa71bf.png
Globe,https://www.sevenfive.co.th/files/brand/logo/logo0579a6bd29551fdbc163354b26f12338.png
Fama,https://www.sevenfive.co.th/files/brand/logo/logob55820c750c83063ce658e8829acb7d3.png
DSS,https://www.sevenfive.co.th/files/brand/logo/logo9456704e305603a25989a6a431817352.png
Diamond,https://www.sevenfive.co.th/files/brand/logo/logo10d0c0cb9eacf693e8e516766ef6a2af.png
Comida,https://www.sevenfive.co.th/files/brand/logo/logo8de784daa321e7dd99f5fcd10e76ff44.png
Wyott,https://www.sevenfive.co.th/files/brand/logo/logo6ad8fd1927f7bddcaf3e98cc085fca97.png
Vollrath,https://www.sevenfive.co.th/files/brand/logo/logo5e8a842ce314fdbf3fbd4065da042def.png
Southbend,https://www.sevenfive.co.th/files/brand/logo/logo778717f9ca72eb65df5e0aafceff9de1.png
Sharp,https://www.sevenfive.co.th/files/brand/logo/logo4afa68cb9397ff8fe120839bbd3900f3.png
Sanyo,https://www.sevenfive.co.th/files/brand/logo/logo0f76b804944c7477a9ab97b2ccdc2528.png
San Jamar,https://www.sevenfive.co.th/files/brand/logo/logo3576ef085b94f23234400250b6f9e720.png
Sammic,https://www.sevenfive.co.th/files/brand/logo/logoe59d311e45eb828cf6b018d93162143e.png
Saeco,https://www.sevenfive.co.th/files/brand/logo/logo22d35ad685ef6002dffd2916cbc45a8b.png
Rinnai,https://www.sevenfive.co.th/files/brand/logo/logoec7cda088d09f1837f06a9a1e31d1e80.png
Rheninghaus,https://www.sevenfive.co.th/files/brand/logo/logo72f4a22cbbfd03b426d77ff68c3fadf5.png
Rancilio,https://www.sevenfive.co.th/files/brand/logo/logoa992852c7bbc536a7826cd35944e0566.png
Prince Castle,https://www.sevenfive.co.th/files/brand/logo/logofaa08177d0d89b6a51a7c6320ec9dbb0.png
Power Flame,https://www.sevenfive.co.th/files/brand/logo/logo09f7b31e58dd73c2341ba7c30c46ab6c.png
Polar Ware,https://www.sevenfive.co.th/files/brand/logo/logo0b7f1b8d3049f34c5a2c6f89bc07ea51.png
Pietroberto,https://www.sevenfive.co.th/files/brand/logo/logo43bb384e8850aea6d95a02c082f4ddb7.png
Panasonic,https://www.sevenfive.co.th/files/brand/logo/logoba4d5f116c93e9ee779877327abcdc80.png
Nayati,https://www.sevenfive.co.th/files/brand/logo/logo45dec16ba765046a9a06da20062044da.png
Lloyd Pans,https://www.sevenfive.co.th/files/brand/logo/logo6731ac62228e7de44e2a0d012286f133.png
Lacor,https://www.sevenfive.co.th/files/brand/logo/logo8234011635d5b4514ad0ed0553601409.png
Koldtech,https://www.sevenfive.co.th/files/brand/logo/logo57856f91b912bcf1f2d326a6c5e289f5.png
Josper,https://www.sevenfive.co.th/files/brand/logo/logodeccb052b4ad44c71e91729f087b5a46.png
Hoshizaki,https://www.sevenfive.co.th/files/brand/logo/logof42e156807f97a268de2b69fef5824b6.png
Hobart,https://www.sevenfive.co.th/files/brand/logo/logo1b42eae03e45abf733e70de3359f5bff.png
Fujimaru,https://www.sevenfive.co.th/files/brand/logo/logo904eb7757a6dd300f171407b0bd2099f.png
Friulinox,https://www.sevenfive.co.th/files/brand/logo/logoa7e6a1b0205166ee1de0b2300631ed91.png
Franke,https://www.sevenfive.co.th/files/brand/logo/logo814b337c370ecbcbb0b2ee8ba74c8e33.png
Firex,https://www.sevenfive.co.th/files/brand/logo/logo900820402f98bd6e686255b38d56ccb7.png
Firenace,https://www.sevenfive.co.th/files/brand/logo/logoc858a2356b4d02b57fafe41558338710.png
Fagor,https://www.sevenfive.co.th/files/brand/logo/logod95f1a241a6877b50793e280b3e0a0d3.png
Eloma,https://www.sevenfive.co.th/files/brand/logo/logob79b196cc43c67dd499e2fa6d7b2645b.png
CookTek,https://www.sevenfive.co.th/files/brand/logo/logo9f903b7cb16f78c4ce32946e619d1295.png
Chef Revival,https://www.sevenfive.co.th/files/brand/logo/logo534fe6d2c72d46b76817605ead40ff23.png
Caddie,https://www.sevenfive.co.th/files/brand/logo/logocd8f035a397e9b76b3e212e182d338ba.png
Brew-Rite,https://www.sevenfive.co.th/files/brand/logo/logof51b5695ac96039d39038eae9280f74e.png
Bartec,https://www.sevenfive.co.th/files/brand/logo/logo0c76fdcea67cb29530fb51a6540f0c16.png
Bakers Pride,https://www.sevenfive.co.th/files/brand/logo/logo6f4c9985147667d9f9fa8c757d66e5a4.png
Lucaris,https://www.sevenfive.co.th/files/brand/logo/logo8001aca15c13b1854a9cb471f285d821.png
Ocean,https://www.sevenfive.co.th/files/brand/logo/logo23d8e74baee20efcbd707a01c1b0b866.png
WNK,https://www.sevenfive.co.th/files/brand/logo/logo3b689935da04472eb4aed2898d2a3eb4.png
Dexter,https://www.sevenfive.co.th/files/brand/logo/logob6d842805697935b5c89710106317306.png
Arcos,https://www.sevenfive.co.th/files/brand/logo/logo1f5fe9b8eb8b8a5d2b99bc87e77a21da.png
Arcoroc,https://www.sevenfive.co.th/files/brand/logo/logo6afabf18497e50e889644454d7fd9511.png
Adcraft,https://www.sevenfive.co.th/files/brand/logo/logo9ecd732b29a0daafc9dc5d785104a8f4.png
Varimixer,https://www.sevenfive.co.th/files/brand/logo/logob0f67c7621483b7b14adfeccc16e40c5.png
Rondo Doge,https://www.sevenfive.co.th/files/brand/logo/logoa0d51618100eae5be2eb8cc6d4c2f580.png
Nieco,https://www.sevenfive.co.th/files/brand/logo/logoa29d4ce1522ce4547c7d5c53e41556b9.png
Kitchen Aid,https://www.sevenfive.co.th/files/brand/logo/logoddd72fa64ea62146b5f3da9554b6f07e.png
La Cimbali,https://www.sevenfive.co.th/files/brand/logo/logo4d5bf856c8ff42e78e0fb77168a113e1.png
Casadio,https://www.sevenfive.co.th/files/brand/logo/logo5bf751b6fa8b3193fcbe3485c4af5188.png
Zanolli,https://www.sevenfive.co.th/files/brand/logo/logobb3089bfacfce4532eebde94219e6ea7.png
Turbochef,https://www.sevenfive.co.th/files/brand/logo/logo1d3d7a2968e33f32e3c03eb83d070836.png
Rational,https://www.sevenfive.co.th/files/brand/logo/logo7c694a4971bc20f7d7743024e1a8e162.png
Renato,https://www.sevenfive.co.th/files/brand/logo/logo3dd6360971fc7239b96d717ac3a679ab.png
Prisma Food,https://www.sevenfive.co.th/files/brand/logo/logo95487a883a63aa283d8d9bc6fe2df325.png
Menumaster,https://www.sevenfive.co.th/files/brand/logo/logo27b461152eea05eecc546e38c9be8d03.png
MKN,https://www.sevenfive.co.th/files/brand/logo/logo6964e276b625ef7e1cdb5a98985f52ed.png
Middleby Marshall,https://www.sevenfive.co.th/files/brand/logo/logo9ceaad16882417ffd7a269b0371fe1f6.png
Houno,https://www.sevenfive.co.th/files/brand/logo/logocc3359a1cf05ef57536c5e2cfe33961c.png
Electrolux,https://www.sevenfive.co.th/files/brand/logo/logo2cbefd05b5070a1d027f0cc1f07b11e3.png
Eka,https://www.sevenfive.co.th/files/brand/logo/logoc07e8f75d6575a13d084d5c9c8a2c769.png
Ctx,https://www.sevenfive.co.th/files/brand/logo/logo0386df159c5b166b48b00176b55a9390.png
Toastmaster,https://www.sevenfive.co.th/files/brand/logo/logo146077814bbe63a7e80f2f64bca12014.png
Rj,https://www.sevenfive.co.th/files/brand/logo/logo36b67dd675dcedf78b7f39d0b30bfdc7.png
Pitco,https://www.sevenfive.co.th/files/brand/logo/logoc13bf9048d7dd108830e8abd7d15d490.png
MBM,https://www.sevenfive.co.th/files/brand/logo/logo337b48adf59c26ddd1494a96ac7126dc.png
Hosun,https://www.sevenfive.co.th/files/brand/logo/logoc7a775264211ef0227ac523a6f7d51eb.png
Crown,https://www.sevenfive.co.th/files/brand/logo/logod677f785995a698605302ef47d9b61e9.png
Cecilware,https://www.sevenfive.co.th/files/brand/logo/logo998943080d9cbe2d99112aae534fd0c4.png
Berto's,https://www.sevenfive.co.th/files/brand/logo/logo52e25180044f8fe3df89ffaf6196f850.png
Absolute,https://www.sevenfive.co.th/files/brand/logo/logo49b1520495835445438973d427d54b25.png
Santos,https://www.sevenfive.co.th/files/brand/logo/logobd07f75b5cdb5b144433ff21bb385212.png
Robot Coupe,https://www.sevenfive.co.th/files/brand/logo/logo4b85654a5b3a5717686f087df80879e7.png
Prochef,https://www.sevenfive.co.th/files/brand/logo/logo325b3e49c064ff036b92543241e66c3a.png
L.Tellier,https://www.sevenfive.co.th/files/brand/logo/logo53c94f256c86c30527fc74cd46a7fe2d.png
Edlund,https://www.sevenfive.co.th/files/brand/logo/logo3cdb13cb1c43d61df8e28a188e6a5ddf.png
Cutlery Pro,https://www.sevenfive.co.th/files/brand/logo/logoc0c669af49e59a6b18236dc62220b264.png
Kinox,https://www.sevenfive.co.th/files/brand/logo/logoce6848a973736d000c90b85ddf37ff8d.png
Kleen Tex,https://www.sevenfive.co.th/files/brand/logo/logof9ab98be9f5f0a513f13a46315be7ab4.png
Turbo Air,https://www.sevenfive.co.th/files/brand/logo/logo787eeee2c4b2c1a2236b4b044597bea9.png
Skipio,https://www.sevenfive.co.th/files/brand/logo/logo1f2dfefee55a87bb67e9f50a356bde00.png
Veeetsan,https://www.sevenfive.co.th/files/brand/logo/logofc4e4cf5f159d51f705dd9f9de363a64.png
Jinli,https://www.sevenfive.co.th/files/brand/logo/logo03fa76ff889b36dd7775da8e864b4fc8.png
Table Craft,https://www.sevenfive.co.th/files/brand/logo/logoad803cff0e909d43c1ea92d02593e34b.png
Pujadas,https://www.sevenfive.co.th/files/brand/logo/logo672a70f70f2a9c7ef1365738084e2d6a.png
Pro Chef,https://www.sevenfive.co.th/files/brand/logo/logoc4728d3bc32207f61f95b173d31df70b.png
Oberglas,https://www.sevenfive.co.th/files/brand/logo/logo366637fd6ba1b7457335723babdabd38.png
Cofrimell,https://www.sevenfive.co.th/files/brand/logo/logof885919ca58f43501c7e84414d5f7964.png
Zanussi,https://www.sevenfive.co.th/files/brand/logo/logo39e7c2e5a47ef000f900048b730fc9a1.png
Winterhalter,https://www.sevenfive.co.th/files/brand/logo/logo553ad2aa9d11a3e31bc0a891c7e42323.png
T&S,https://www.sevenfive.co.th/files/brand/logo/logob4dd28ceefe0f68da9130f56b669c1bf.png
Top Rinse,https://www.sevenfive.co.th/files/brand/logo/logo97541034c531b919a11c0361c8fafe6f.png
Colged,https://www.sevenfive.co.th/files/brand/logo/logo48d6104067231243762820aff30331ed.png
Kitchin,https://www.sevenfive.co.th/files/brand/logo/logo5b3c79bfb9fc8247946ae906364f51e8.png
Cambro,https://www.sevenfive.co.th/files/brand/logo/logo0e2058f847bbfadd1ccfe4a0d7149054.png
Sirman,https://www.sevenfive.co.th/files/brand/logo/logofc2c5fb7b6d20099adeefde9f5d5164d.png
Roller Grill,https://www.sevenfive.co.th/files/brand/logo/logo8ca4e9dfdf83882af6b016a781debc70.png
Roband,https://www.sevenfive.co.th/files/brand/logo/logo8d7e53cac208dbe1737f9c15d5d2d095.png
Primo,https://www.sevenfive.co.th/files/brand/logo/logo06815a73639660bfbb038a99d119e16b.png
NTS,https://www.sevenfive.co.th/files/brand/logo/logoddd34264d67d90a3aa480b44b6a2c969.png
LKK,https://www.sevenfive.co.th/files/brand/logo/logo5afe82d65c557e934b0d4cbb7f8ae699.png
Lincat,https://www.sevenfive.co.th/files/brand/logo/logobe077b067bedd5e4dbcb3486f58abca0.png
Justa,https://www.sevenfive.co.th/files/brand/logo/logocdc64f12ad62facd6f2892d9136ea8dd.png
Hatco,https://www.sevenfive.co.th/files/brand/logo/logoc8d6335b0e37159fc9bb20e5a3969e28.png
Berjaya,https://www.sevenfive.co.th/files/brand/logo/logo308b86b97cdc93381f8aec8a65527e53.png
Benchmark,https://www.sevenfive.co.th/files/brand/logo/logo3b3f22f14f230ee5448646e55c78bf34.png
Hamilton Beach,https://www.sevenfive.co.th/files/brand/logo/logoadf8600ee41f1c1d1d273694a7e99b98.png
