title,type,publish,seo_title,seo_description
Cooking Equipment,Cooking Equipment,TRUE,Cooking Equipment | Sevenfive,"Equip your commercial kitchen with high-quality cooking equipment. From ranges to ovens, find durable solutions to enhance efficiency and performance."
Food Preparation,Food Preparation,TRUE,Food Preparation | Sevenfive,"Master efficient food preparation with professional tips and tools. Enhance consistency, save time, and elevate your culinary workflow for any kitchen."
Refrigeration Equipment,Refrigeration Equipment,TRUE,Refrigeration Equipment | Sevenfive,"Keep your food and beverages fresh with high-quality refrigeration equipment. Explore our durable, energy-efficient solutions for any commercial kitchen space."
Commercial Ovens,Commercial Ovens,TRUE,Commercial Ovens | Sevenfive,"Enhance your kitchen with high-performance commercial ovens. Discover durable, efficient models designed for consistent results in any professional setting."
Bakery Equipment,Bakery Equipment,TRUE,Bakery Equipment | Sevenfive,"Upgrade your kitchen with professional-grade bakery equipment. From ovens to mixers, find high-quality tools to enhance efficiency and product consistency."
Warming Equipment,Warming Equipment,TRUE,Warming Equipment | Sevenfive,"Keep food at ideal serving temperatures with professional warming equipment. Discover reliable heat lamps, holding cabinets, and steam tables for your kitchen."
Beverage Equipment,Beverage Equipment,TRUE,Beverage Equipment | Sevenfive,"Elevate your drink service with professional beverage equipment. Explore high-quality coffee machines, dispensers, and more for your business."
Stainless Steel Fabrication,Stainless Steel Fabrication,TRUE,Stainless Steel Fabrication | Sevenfive,"Elevate your projects with precision stainless steel fabrication. Our expert services ensure durable, high-quality custom solutions for any industry."
Warewashing & Sanitisation,Warewashing & Sanitisation,TRUE,Warewashing & Sanitisation | Sevenfive,Ensure peak hygiene with professional warewashing and sanitisation solutions. Find efficient dishwashers and sterilisers to keep your kitchen spotless.
Storage & Transport,Storage & Transport,TRUE,Storage & Transport | Sevenfive,"Optimize your logistics with professional storage and transport solutions designed for safety, efficiency, and streamlined material handling."
Smallwares,Smallwares,TRUE,Smallwares | Sevenfive,"Equip your kitchen with high-quality smallwares. Shop our durable collection of essential tools, utensils, and supplies designed for professional efficiency."
Bakery Utensils,Bakery Utensils,TRUE,Bakery Utensils | Sevenfive,"Equip your kitchen with high-quality bakery utensils. From spatulas to dough scrapers, find the essential tools needed for precise and efficient baking."
Tableware & Buffetware,Tableware & Buffetware,TRUE,Tableware & Buffetware | Sevenfive,"Elevate your dining experience with premium tableware and buffetware. Find elegant plates, platters, and serving essentials for professional food presentation."
Janitorial Supplies,Janitorial Supplies,TRUE,Janitorial Supplies | Sevenfive,"Equip your facility with high-quality janitorial supplies. From cleaning chemicals to paper products, find everything you need for a spotless environment."
Hotel Supplies,Hotel Supplies,TRUE,Hotel Supplies | Sevenfive,"Elevate your guest experience with premium hotel supplies. Find high-quality linens, toiletries, and essential amenities to ensure a comfortable and luxury stay."
Furniture & Seating,Furniture & Seating,TRUE,Furniture & Seating | Sevenfive,"Enhance your space with high-quality furniture and seating. Explore our durable, stylish options designed for maximum comfort and professional appeal."
Disposables,Disposables,TRUE,Disposables | Sevenfive,Shop high-quality disposable supplies for your business. Find eco-friendly and convenient solutions to streamline your service and maintain hygiene standards.
Consumables & Service Parts,Consumables & Service Parts,TRUE,Consumables & Service Parts | Sevenfive,Find high-quality consumables and essential service parts to maintain your equipment. Ensure peak performance and longevity with our reliable selection.
Control Boards & Sensors,Control Boards & Sensors,TRUE,Control Boards & Sensors | Sevenfive,"Optimize your systems with high-quality control boards and sensors. Ensure precision, reliability, and peak performance for all your technical applications."
Electrical & Electronic Components,Electrical & Electronic Components,TRUE,Electrical & Electronic Components | Sevenfive,Find high-quality electrical and electronic components for your projects. Shop our wide selection of reliable parts to ensure efficiency and performance.
"Heating, Ignition & Gas Parts","Heating, Ignition & Gas Parts",TRUE,"Heating, Ignition & Gas Parts | Sevenfive","Find high-quality heating, ignition, and gas parts for reliable repairs. Ensure safety and efficiency with our durable components for various systems."
Mechanical & Mounting Hardware,Mechanical & Mounting Hardware,TRUE,Mechanical & Mounting Hardware | Sevenfive,"Find durable mechanical and mounting hardware for your projects. Shop reliable brackets, fasteners, and support systems to ensure secure and stable installations."
"Motors, Fans & Actuators","Motors, Fans & Actuators",TRUE,"Motors, Fans & Actuators | Sevenfive","Shop high-quality motors, fans, and actuators for industrial and commercial use. Find reliable components to optimize your equipment's performance and airflow."
"Pumps, Compressors & Fluid Systems","Pumps, Compressors & Fluid Systems",TRUE,"Pumps, Compressors & Fluid Systems | Sevenfive","Optimize industrial performance with high-quality pumps, compressors, and fluid systems. Explore reliable solutions for efficient fluid handling and transfer."
Safety & Protection Devices,Safety & Protection Devices,TRUE,Safety & Protection Devices | Sevenfive,Protect your workspace with high-quality safety and protection devices. Ensure a secure environment with reliable equipment designed for maximum security.
"Storage, Handling & Mobility","Storage, Handling & Mobility",TRUE,"Storage, Handling & Mobility | Sevenfive","Optimize your workflow with durable storage, handling, and mobility solutions. Ensure safe transport and efficient organization for all your business needs."
Structural & Access Components,Structural & Access Components,TRUE,Structural & Access Components | Sevenfive,"Enhance safety and efficiency with durable structural and access components. Find high-quality ladders, platforms, and supports for your industrial needs."
