Product GID,Body (HTML)
gid://shopify/Product/8642970910919,-
gid://shopify/Product/8642970976455,-
gid://shopify/Product/8642971041991,-
gid://shopify/Product/8642971074759,-
gid://shopify/Product/8642971173063,-
gid://shopify/Product/8642971238599,-
gid://shopify/Product/8642971304135,-
gid://shopify/Product/8642971336903,-
gid://shopify/Product/8642971402439,-
gid://shopify/Product/8642986901703,-
gid://shopify/Product/8642987262151,-
gid://shopify/Product/8642988179655,-
gid://shopify/Product/8642988212423,-
gid://shopify/Product/8642988245191,-
gid://shopify/Product/8642988638407,-
gid://shopify/Product/8642991653063,-
gid://shopify/Product/8642991685831,-
gid://shopify/Product/8642991947975,-
gid://shopify/Product/8643027828935,-
gid://shopify/Product/8643029631175,-
gid://shopify/Product/8643029663943,-
gid://shopify/Product/8643029762247,-
gid://shopify/Product/8643029795015,-
gid://shopify/Product/8643029827783,-
gid://shopify/Product/8643029860551,-
gid://shopify/Product/8643029893319,-
gid://shopify/Product/8643029926087,-
gid://shopify/Product/8643029958855,-
gid://shopify/Product/8643030057159,-
gid://shopify/Product/8643030089927,-
gid://shopify/Product/8643030122695,-
gid://shopify/Product/8643030155463,-
gid://shopify/Product/8643030188231,-
gid://shopify/Product/8643030220999,-
gid://shopify/Product/8643030253767,-
gid://shopify/Product/8643030286535,-
gid://shopify/Product/8643030319303,-
gid://shopify/Product/8643030778055,-
gid://shopify/Product/8646037110983,-
gid://shopify/Product/8646037143751,-
gid://shopify/Product/8646037176519,-
gid://shopify/Product/8646037242055,-
gid://shopify/Product/8646037274823,-
gid://shopify/Product/8646046187719,-
gid://shopify/Product/8646046220487,-
gid://shopify/Product/8646046253255,-
gid://shopify/Product/8646046286023,-
gid://shopify/Product/8646046318791,-
gid://shopify/Product/8646046384327,-
gid://shopify/Product/8646046417095,-
gid://shopify/Product/8646046482631,-
gid://shopify/Product/8646046646471,-
gid://shopify/Product/8646046679239,-
gid://shopify/Product/8646046744775,-
gid://shopify/Product/8646047400135,-
gid://shopify/Product/8646047793351,-
gid://shopify/Product/8646047989959,-
gid://shopify/Product/8646048022727,-
gid://shopify/Product/8646057623751,-
gid://shopify/Product/8646057656519,-
gid://shopify/Product/8644357193927,-
gid://shopify/Product/8644374397127,-
gid://shopify/Product/8644375544007,-
gid://shopify/Product/8644377346247,-
gid://shopify/Product/8644380164295,-
gid://shopify/Product/8644380459207,-
gid://shopify/Product/8644380524743,-
gid://shopify/Product/8644380557511,-
gid://shopify/Product/8644380623047,-
gid://shopify/Product/8644380655815,-
gid://shopify/Product/8644380688583,-
gid://shopify/Product/8644380754119,-
gid://shopify/Product/8644380819655,-
gid://shopify/Product/8644380885191,-
gid://shopify/Product/8644380950727,-
gid://shopify/Product/8644381049031,-
gid://shopify/Product/8644382195911,-
gid://shopify/Product/8644382523591,-
gid://shopify/Product/8644382621895,-
gid://shopify/Product/8644390355143,-
gid://shopify/Product/8644392190151,-
gid://shopify/Product/8644410081479,-
gid://shopify/Product/8644411359431,-
gid://shopify/Product/8644417061063,-
gid://shopify/Product/8644417224903,-
gid://shopify/Product/8644417257671,-
gid://shopify/Product/8644417323207,-
gid://shopify/Product/8644417355975,-
gid://shopify/Product/8644417454279,-
gid://shopify/Product/8644417585351,-
gid://shopify/Product/8644418109639,-
gid://shopify/Product/8644419256519,-
gid://shopify/Product/8644420239559,-
gid://shopify/Product/8644422860999,-
gid://shopify/Product/8644423450823,-
gid://shopify/Product/8644423909575,-
gid://shopify/Product/8644423942343,-
gid://shopify/Product/8644424368327,-
gid://shopify/Product/8644424401095,-
gid://shopify/Product/8644424433863,-
gid://shopify/Product/8644424728775,-
gid://shopify/Product/8644424827079,-
gid://shopify/Product/8644424859847,-
gid://shopify/Product/8644424958151,-
gid://shopify/Product/8644425023687,-
gid://shopify/Product/8644425220295,-
gid://shopify/Product/8644425679047,-
gid://shopify/Product/8644425711815,-
gid://shopify/Product/8644425744583,-
gid://shopify/Product/8644425777351,-
gid://shopify/Product/8644425810119,-
gid://shopify/Product/8644426105031,-
gid://shopify/Product/8644426203335,-
gid://shopify/Product/8644426465479,-
gid://shopify/Product/8644426498247,-
gid://shopify/Product/8644428529863,-
gid://shopify/Product/8644430856391,-
gid://shopify/Product/8644431151303,-
gid://shopify/Product/8644434657479,-
gid://shopify/Product/8644446978247,-
gid://shopify/Product/8644447011015,-
gid://shopify/Product/8644447043783,-
gid://shopify/Product/8644447076551,-
gid://shopify/Product/8644447109319,-
gid://shopify/Product/8644447961287,-
gid://shopify/Product/8644453433543,-
gid://shopify/Product/8644463558855,-
gid://shopify/Product/8644463591623,-
gid://shopify/Product/8644463624391,-
gid://shopify/Product/8644463722695,-
gid://shopify/Product/8644470603975,-
gid://shopify/Product/8644470636743,-
gid://shopify/Product/8644470669511,-
gid://shopify/Product/8644470735047,-
gid://shopify/Product/8644470767815,-
gid://shopify/Product/8644470800583,-
gid://shopify/Product/8644471849159,-
gid://shopify/Product/8644471881927,-
gid://shopify/Product/8644471914695,-
gid://shopify/Product/8644471947463,-
gid://shopify/Product/8644471980231,-
gid://shopify/Product/8644472012999,-
gid://shopify/Product/8644472045767,-
gid://shopify/Product/8644472078535,-
gid://shopify/Product/8644472111303,-
gid://shopify/Product/8644472144071,-
gid://shopify/Product/8644472176839,-
gid://shopify/Product/8644472209607,-
gid://shopify/Product/8644472832199,-
gid://shopify/Product/8644472864967,-
gid://shopify/Product/8644472897735,-
gid://shopify/Product/8644472930503,-
gid://shopify/Product/8644472963271,-
gid://shopify/Product/8644472996039,-
gid://shopify/Product/8644473028807,-
gid://shopify/Product/8644473061575,-
gid://shopify/Product/8644473094343,-
gid://shopify/Product/8644473127111,-
gid://shopify/Product/8644473159879,-
gid://shopify/Product/8644473192647,-
gid://shopify/Product/8644473225415,-
gid://shopify/Product/8644473258183,-
gid://shopify/Product/8644473290951,-
gid://shopify/Product/8644473323719,-
gid://shopify/Product/8644473356487,-
gid://shopify/Product/8644473389255,-
gid://shopify/Product/8644473454791,-
gid://shopify/Product/8644473487559,-
gid://shopify/Product/8644473553095,-
gid://shopify/Product/8644473585863,-
gid://shopify/Product/8644473618631,-
gid://shopify/Product/8644473651399,-
gid://shopify/Product/8644473684167,-
gid://shopify/Product/8644473716935,-
gid://shopify/Product/8644473749703,-
gid://shopify/Product/8644473782471,-
gid://shopify/Product/8644473815239,-
gid://shopify/Product/8644473848007,-
gid://shopify/Product/8644473880775,-
gid://shopify/Product/8644473913543,-
gid://shopify/Product/8644473946311,-
gid://shopify/Product/8644473979079,-
gid://shopify/Product/8644474011847,-
gid://shopify/Product/8644474044615,-
gid://shopify/Product/8644474077383,-
gid://shopify/Product/8644474110151,-
gid://shopify/Product/8644474142919,-
gid://shopify/Product/8644478304455,-
gid://shopify/Product/8644478337223,-
gid://shopify/Product/8644478402759,-
gid://shopify/Product/8644478730439,-
gid://shopify/Product/8644478763207,-
gid://shopify/Product/8644478795975,-
gid://shopify/Product/8644478828743,-
gid://shopify/Product/8644478861511,-
gid://shopify/Product/8644478894279,-
gid://shopify/Product/8644478927047,-
gid://shopify/Product/8644478959815,-
gid://shopify/Product/8644478992583,-
gid://shopify/Product/8644479025351,-
gid://shopify/Product/8644479058119,-
gid://shopify/Product/8644479090887,-
gid://shopify/Product/8644479123655,-
gid://shopify/Product/8644479156423,-
gid://shopify/Product/8644479189191,-
gid://shopify/Product/8644479221959,-
gid://shopify/Product/8644479254727,-
gid://shopify/Product/8644479287495,-
gid://shopify/Product/8644479320263,-
gid://shopify/Product/8644479353031,-
gid://shopify/Product/8644479385799,-
gid://shopify/Product/8644479418567,-
gid://shopify/Product/8644479451335,-
gid://shopify/Product/8644479516871,-
gid://shopify/Product/8644479549639,-
gid://shopify/Product/8644479582407,-
gid://shopify/Product/8644479615175,-
gid://shopify/Product/8644479647943,-
gid://shopify/Product/8644479680711,-
gid://shopify/Product/8644479713479,-
gid://shopify/Product/8644479746247,-
gid://shopify/Product/8644479779015,-
gid://shopify/Product/8644479811783,-
gid://shopify/Product/8644479844551,-
gid://shopify/Product/8644479877319,-
gid://shopify/Product/8644479910087,-
gid://shopify/Product/8644479975623,-
gid://shopify/Product/8644480008391,-
gid://shopify/Product/8644480041159,-
gid://shopify/Product/8644480073927,-
gid://shopify/Product/8644480106695,-
gid://shopify/Product/8644480139463,-
gid://shopify/Product/8644480172231,-
gid://shopify/Product/8644480204999,-
gid://shopify/Product/8644480237767,-
gid://shopify/Product/8644480270535,-
gid://shopify/Product/8644480303303,-
gid://shopify/Product/8644480336071,-
gid://shopify/Product/8644480368839,-
gid://shopify/Product/8644480401607,-
gid://shopify/Product/8644480434375,-
gid://shopify/Product/8644480467143,-
gid://shopify/Product/8644480499911,-
gid://shopify/Product/8644480532679,-
gid://shopify/Product/8644480598215,-
gid://shopify/Product/8644480630983,-
gid://shopify/Product/8644480663751,-
gid://shopify/Product/8644480696519,-
gid://shopify/Product/8644480729287,-
gid://shopify/Product/8644480762055,-
gid://shopify/Product/8644480794823,-
gid://shopify/Product/8644480827591,-
gid://shopify/Product/8644480860359,-
gid://shopify/Product/8644480893127,-
gid://shopify/Product/8644480925895,-
gid://shopify/Product/8644480958663,-
gid://shopify/Product/8644480991431,-
gid://shopify/Product/8644481024199,-
gid://shopify/Product/8644481056967,-
gid://shopify/Product/8644481089735,-
gid://shopify/Product/8644481122503,-
gid://shopify/Product/8644481155271,-
gid://shopify/Product/8644481188039,-
gid://shopify/Product/8644481220807,-
gid://shopify/Product/8644481253575,-
gid://shopify/Product/8644481286343,-
gid://shopify/Product/8644481319111,-
gid://shopify/Product/8644481351879,-
gid://shopify/Product/8644481417415,-
gid://shopify/Product/8644481450183,-
gid://shopify/Product/8644481482951,-
gid://shopify/Product/8644481515719,-
gid://shopify/Product/8644481548487,-
gid://shopify/Product/8644481581255,-
gid://shopify/Product/8644481614023,-
gid://shopify/Product/8644481646791,-
gid://shopify/Product/8644481679559,-
gid://shopify/Product/8644481712327,-
gid://shopify/Product/8644481745095,-
gid://shopify/Product/8644481777863,-
gid://shopify/Product/8644481810631,-
gid://shopify/Product/8644481843399,-
gid://shopify/Product/8644481876167,-
gid://shopify/Product/8644481908935,-
gid://shopify/Product/8644481941703,-
gid://shopify/Product/8644481974471,-
gid://shopify/Product/8644482007239,-
gid://shopify/Product/8644482040007,-
gid://shopify/Product/8644482072775,-
gid://shopify/Product/8644482105543,-
gid://shopify/Product/8644482138311,-
gid://shopify/Product/8644482171079,-
gid://shopify/Product/8644482203847,-
gid://shopify/Product/8644482269383,-
gid://shopify/Product/8644482302151,-
gid://shopify/Product/8644482334919,-
gid://shopify/Product/8644482367687,-
gid://shopify/Product/8644482400455,-
gid://shopify/Product/8644482433223,-
gid://shopify/Product/8644482465991,-
gid://shopify/Product/8644482531527,-
gid://shopify/Product/8644482564295,-
gid://shopify/Product/8644482597063,-
gid://shopify/Product/8644482629831,-
gid://shopify/Product/8644482662599,-
gid://shopify/Product/8644482695367,-
gid://shopify/Product/8644482728135,-
gid://shopify/Product/8644482793671,-
gid://shopify/Product/8644482826439,-
gid://shopify/Product/8644482891975,-
gid://shopify/Product/8644482924743,-
gid://shopify/Product/8644482957511,-
gid://shopify/Product/8644482990279,-
gid://shopify/Product/8644483023047,-
gid://shopify/Product/8644483055815,-
gid://shopify/Product/8644483088583,-
gid://shopify/Product/8644483121351,-
gid://shopify/Product/8644483154119,-
gid://shopify/Product/8644483186887,-
gid://shopify/Product/8644483219655,-
gid://shopify/Product/8644483252423,-
gid://shopify/Product/8644483285191,-
gid://shopify/Product/8644483317959,-
gid://shopify/Product/8644483350727,-
gid://shopify/Product/8644483383495,-
gid://shopify/Product/8644483416263,-
gid://shopify/Product/8644483449031,-
gid://shopify/Product/8644483481799,-
gid://shopify/Product/8644483514567,-
gid://shopify/Product/8644483547335,-
gid://shopify/Product/8644483580103,-
gid://shopify/Product/8644483612871,-
gid://shopify/Product/8644483645639,-
gid://shopify/Product/8644483678407,-
gid://shopify/Product/8644483743943,-
gid://shopify/Product/8644483776711,-
gid://shopify/Product/8644483809479,-
gid://shopify/Product/8644483842247,-
gid://shopify/Product/8644483875015,-
gid://shopify/Product/8644483907783,-
gid://shopify/Product/8644483940551,-
gid://shopify/Product/8644483973319,-
gid://shopify/Product/8644484006087,-
gid://shopify/Product/8644484038855,-
gid://shopify/Product/8644484071623,-
gid://shopify/Product/8644484104391,-
gid://shopify/Product/8644484137159,-
gid://shopify/Product/8644484169927,-
gid://shopify/Product/8644484202695,-
gid://shopify/Product/8644484268231,-
gid://shopify/Product/8644484300999,-
gid://shopify/Product/8644484333767,-
gid://shopify/Product/8644484366535,-
gid://shopify/Product/8644484432071,-
gid://shopify/Product/8644484464839,-
gid://shopify/Product/8644484497607,-
gid://shopify/Product/8644484530375,-
gid://shopify/Product/8644484563143,-
gid://shopify/Product/8644484595911,-
gid://shopify/Product/8644484661447,-
gid://shopify/Product/8644484694215,-
gid://shopify/Product/8644484726983,-
gid://shopify/Product/8644484759751,-
gid://shopify/Product/8644484792519,-
gid://shopify/Product/8644484825287,-
gid://shopify/Product/8644484858055,-
gid://shopify/Product/8644484890823,-
gid://shopify/Product/8644484923591,-
gid://shopify/Product/8644484989127,-
gid://shopify/Product/8644485021895,-
gid://shopify/Product/8644485054663,-
gid://shopify/Product/8644485087431,-
gid://shopify/Product/8644485120199,-
gid://shopify/Product/8644485185735,-
gid://shopify/Product/8644485218503,-
gid://shopify/Product/8644485251271,-
gid://shopify/Product/8644485316807,-
gid://shopify/Product/8644485349575,-
gid://shopify/Product/8644485578951,-
gid://shopify/Product/8644485775559,-
gid://shopify/Product/8644485808327,-
gid://shopify/Product/8644485841095,-
gid://shopify/Product/8644485873863,-
gid://shopify/Product/8644485906631,-
gid://shopify/Product/8644485972167,-
gid://shopify/Product/8644486004935,-
gid://shopify/Product/8644486037703,-
gid://shopify/Product/8644486103239,-
gid://shopify/Product/8644486136007,-
gid://shopify/Product/8644486168775,-
gid://shopify/Product/8644486201543,-
gid://shopify/Product/8644486234311,-
gid://shopify/Product/8644486267079,-
gid://shopify/Product/8644486299847,-
gid://shopify/Product/8644486332615,-
gid://shopify/Product/8644486365383,-
gid://shopify/Product/8644486398151,-
gid://shopify/Product/8644486430919,-
gid://shopify/Product/8644486463687,-
gid://shopify/Product/8644486496455,-
gid://shopify/Product/8644486529223,-
gid://shopify/Product/8644486561991,-
gid://shopify/Product/8644486594759,-
gid://shopify/Product/8644486627527,-
gid://shopify/Product/8644486660295,-
gid://shopify/Product/8644486693063,-
gid://shopify/Product/8644486725831,-
gid://shopify/Product/8644486758599,-
gid://shopify/Product/8644486791367,-
gid://shopify/Product/8644486824135,-
gid://shopify/Product/8644486856903,-
gid://shopify/Product/8644486889671,-
gid://shopify/Product/8644486922439,-
gid://shopify/Product/8644486955207,-
gid://shopify/Product/8644486987975,-
gid://shopify/Product/8644487020743,-
gid://shopify/Product/8644487086279,-
gid://shopify/Product/8644487119047,-
gid://shopify/Product/8644487151815,-
gid://shopify/Product/8644487184583,-
gid://shopify/Product/8644487217351,-
gid://shopify/Product/8644487381191,-
gid://shopify/Product/8644487479495,-
gid://shopify/Product/8644487512263,-
gid://shopify/Product/8644487545031,-
gid://shopify/Product/8644487610567,-
gid://shopify/Product/8644487643335,-
gid://shopify/Product/8644487676103,-
gid://shopify/Product/8644487708871,-
gid://shopify/Product/8644487741639,-
gid://shopify/Product/8644487774407,-
gid://shopify/Product/8644487807175,-
gid://shopify/Product/8644487839943,-
gid://shopify/Product/8644487872711,-
gid://shopify/Product/8644487905479,-
gid://shopify/Product/8644487938247,-
gid://shopify/Product/8644488167623,-
gid://shopify/Product/8644488593607,-
gid://shopify/Product/8644488855751,-
gid://shopify/Product/8644488888519,-
gid://shopify/Product/8644492198087,-
gid://shopify/Product/8644492230855,-
gid://shopify/Product/8644493410503,-
gid://shopify/Product/8644494196935,-
gid://shopify/Product/8644511858887,-
gid://shopify/Product/8644511891655,-
gid://shopify/Product/8644511924423,-
gid://shopify/Product/8644511957191,-
gid://shopify/Product/8644511989959,-
gid://shopify/Product/8644512022727,-
gid://shopify/Product/8644512055495,-
gid://shopify/Product/8644512088263,-
gid://shopify/Product/8644512219335,-
gid://shopify/Product/8644580966599,-
gid://shopify/Product/8644581490887,-
gid://shopify/Product/8644619206855,-
gid://shopify/Product/8644620255431,-
gid://shopify/Product/8644651188423,-
gid://shopify/Product/8644651581639,-
gid://shopify/Product/8644651647175,-
gid://shopify/Product/8644651679943,-
gid://shopify/Product/8644651909319,-
gid://shopify/Product/8644652302535,-
gid://shopify/Product/8644652335303,-
gid://shopify/Product/8644652368071,-
gid://shopify/Product/8644652433607,-
gid://shopify/Product/8644666065095,-
gid://shopify/Product/8644667080903,-
gid://shopify/Product/8644667277511,-
gid://shopify/Product/8644667965639,-
gid://shopify/Product/8644668031175,-
gid://shopify/Product/8644668588231,-
gid://shopify/Product/8644668719303,-
gid://shopify/Product/8644671504583,-
gid://shopify/Product/8644671537351,-
gid://shopify/Product/8644673568967,-
gid://shopify/Product/8644675469511,-
gid://shopify/Product/8644675666119,-
gid://shopify/Product/8644677599431,-
gid://shopify/Product/8644677763271,-
gid://shopify/Product/8644677959879,-
gid://shopify/Product/8644683727047,-
gid://shopify/Product/8644685103303,-
gid://shopify/Product/8644685136071,-
gid://shopify/Product/8644685332679,-
gid://shopify/Product/8644688773319,-
gid://shopify/Product/8644690968775,-
gid://shopify/Product/8644691493063,-
gid://shopify/Product/8644691525831,-
gid://shopify/Product/8644692377799,-
gid://shopify/Product/8644692476103,-
gid://shopify/Product/8644692541639,-
gid://shopify/Product/8644692607175,-
gid://shopify/Product/8644692639943,-
gid://shopify/Product/8644692672711,-
gid://shopify/Product/8644692705479,-
gid://shopify/Product/8644692738247,-
gid://shopify/Product/8644692771015,-
gid://shopify/Product/8644692803783,-
gid://shopify/Product/8644692836551,-
gid://shopify/Product/8644692869319,-
gid://shopify/Product/8644692902087,-
gid://shopify/Product/8644693131463,-
gid://shopify/Product/8644696801479,-
gid://shopify/Product/8644698177735,-
gid://shopify/Product/8644698210503,-
gid://shopify/Product/8644698243271,-
gid://shopify/Product/8644698276039,-
gid://shopify/Product/8644733698247,-
gid://shopify/Product/8644735566023,-
gid://shopify/Product/8644737892551,-
gid://shopify/Product/8644739301575,-
gid://shopify/Product/8644739334343,-
gid://shopify/Product/8644739367111,-
gid://shopify/Product/8644739399879,-
gid://shopify/Product/8644739760327,-
gid://shopify/Product/8644739793095,-
gid://shopify/Product/8644739825863,-
gid://shopify/Product/8644739858631,-
gid://shopify/Product/8644739956935,-
gid://shopify/Product/8644740022471,-
gid://shopify/Product/8644741562567,-
gid://shopify/Product/8644741857479,-
gid://shopify/Product/8644741988551,-
gid://shopify/Product/8644742021319,-
gid://shopify/Product/8644742152391,-
gid://shopify/Product/8644742283463,-
gid://shopify/Product/8644742676679,-
gid://shopify/Product/8644746444999,-
gid://shopify/Product/8644746477767,-
gid://shopify/Product/8644746510535,-
gid://shopify/Product/8644746543303,-
gid://shopify/Product/8644746772679,-
gid://shopify/Product/8644747133127,-
gid://shopify/Product/8644747854023,-
gid://shopify/Product/8644748181703,-
gid://shopify/Product/8644748345543,-
gid://shopify/Product/8644748411079,-
gid://shopify/Product/8644748574919,-
gid://shopify/Product/8644748640455,-
gid://shopify/Product/8644748837063,-
gid://shopify/Product/8644748902599,-
gid://shopify/Product/8644749000903,-
gid://shopify/Product/8644749033671,-
gid://shopify/Product/8644749197511,-
gid://shopify/Product/8644749361351,-
gid://shopify/Product/8644749394119,-
gid://shopify/Product/8644749426887,-
gid://shopify/Product/8644749459655,-
gid://shopify/Product/8644749623495,-
gid://shopify/Product/8644749721799,-
gid://shopify/Product/8644749852871,-
gid://shopify/Product/8644750311623,-
gid://shopify/Product/8644750344391,-
gid://shopify/Product/8644750409927,-
gid://shopify/Product/8644750442695,-
gid://shopify/Product/8644750475463,-
gid://shopify/Product/8644750508231,-
gid://shopify/Product/8644750573767,-
gid://shopify/Product/8644751196359,-
gid://shopify/Product/8644751655111,-
gid://shopify/Product/8644751687879,-
gid://shopify/Product/8644751753415,-
gid://shopify/Product/8644751818951,-
gid://shopify/Product/8644751851719,-
gid://shopify/Product/8644752277703,-
gid://shopify/Product/8644752310471,-
gid://shopify/Product/8644752376007,-
gid://shopify/Product/8644752441543,-
gid://shopify/Product/8644752474311,-
gid://shopify/Product/8644752507079,-
gid://shopify/Product/8644752539847,-
gid://shopify/Product/8644752572615,-
gid://shopify/Product/8644753260743,-
gid://shopify/Product/8644761813191,-
gid://shopify/Product/8644762435783,-
gid://shopify/Product/8644763156679,-
gid://shopify/Product/8644763812039,-
gid://shopify/Product/8644772233415,-
gid://shopify/Product/8644772266183,-
gid://shopify/Product/8644772331719,-
gid://shopify/Product/8644772364487,-
gid://shopify/Product/8644772397255,-
gid://shopify/Product/8644772888775,-
gid://shopify/Product/8644773019847,-
gid://shopify/Product/8644773085383,-
gid://shopify/Product/8644773118151,-
gid://shopify/Product/8644773150919,-
gid://shopify/Product/8644773314759,-
gid://shopify/Product/8644776689863,-
gid://shopify/Product/8644776755399,-
gid://shopify/Product/8644776788167,-
gid://shopify/Product/8644776853703,-
gid://shopify/Product/8644776919239,-
gid://shopify/Product/8644777312455,-
gid://shopify/Product/8644777541831,-
gid://shopify/Product/8644778098887,-
gid://shopify/Product/8644779835591,-
gid://shopify/Product/8644779933895,-
gid://shopify/Product/8644780392647,-
gid://shopify/Product/8644781965511,-
gid://shopify/Product/8644782162119,-
gid://shopify/Product/8644782293191,-
gid://shopify/Product/8644782522567,-
gid://shopify/Product/8644782751943,-
gid://shopify/Product/8644782784711,-
gid://shopify/Product/8644783046855,-
gid://shopify/Product/8644783079623,-
gid://shopify/Product/8644783112391,-
gid://shopify/Product/8644783505607,-
gid://shopify/Product/8644783538375,-
gid://shopify/Product/8644783571143,-
gid://shopify/Product/8644783603911,-
gid://shopify/Product/8644783702215,-
gid://shopify/Product/8644783734983,-
gid://shopify/Product/8644784521415,-
gid://shopify/Product/8644784586951,-
gid://shopify/Product/8645463638215,-
gid://shopify/Product/8645480906951,-
gid://shopify/Product/8645481136327,-
gid://shopify/Product/8645483004103,-
gid://shopify/Product/8645483593927,-
gid://shopify/Product/8645497159879,-
gid://shopify/Product/8645497454791,-
gid://shopify/Product/8645499158727,-
gid://shopify/Product/8645499355335,-
gid://shopify/Product/8645500862663,-
gid://shopify/Product/8645500928199,-
gid://shopify/Product/8645502894279,-
gid://shopify/Product/8645503254727,-
gid://shopify/Product/8645503287495,-
gid://shopify/Product/8645503320263,-
gid://shopify/Product/8645503353031,-
gid://shopify/Product/8645503385799,-
gid://shopify/Product/8645503451335,-
gid://shopify/Product/8645503484103,-
gid://shopify/Product/8645503516871,-
gid://shopify/Product/8645503549639,-
gid://shopify/Product/8645503615175,-
gid://shopify/Product/8645503647943,-
gid://shopify/Product/8645503680711,-
gid://shopify/Product/8645503713479,-
gid://shopify/Product/8645503779015,-
gid://shopify/Product/8645503844551,-
gid://shopify/Product/8645504499911,-
gid://shopify/Product/8645504532679,-
gid://shopify/Product/8645504565447,-
gid://shopify/Product/8645506597063,-
gid://shopify/Product/8645506760903,-
gid://shopify/Product/8645507219655,-
gid://shopify/Product/8645508956359,-
gid://shopify/Product/8645511774407,-
gid://shopify/Product/8645511807175,-
gid://shopify/Product/8645511839943,-
gid://shopify/Product/8645511938247,-
gid://shopify/Product/8645512069319,-
gid://shopify/Product/8645512102087,-
gid://shopify/Product/8645512233159,-
gid://shopify/Product/8645512298695,-
gid://shopify/Product/8645512462535,-
gid://shopify/Product/8645512528071,-
gid://shopify/Product/8645512560839,-
gid://shopify/Product/8645512659143,-
gid://shopify/Product/8645512757447,-
gid://shopify/Product/8645512790215,-
gid://shopify/Product/8645512822983,-
gid://shopify/Product/8645512855751,-
gid://shopify/Product/8645512921287,-
gid://shopify/Product/8645512954055,-
gid://shopify/Product/8645513085127,-
gid://shopify/Product/8645513314503,-
gid://shopify/Product/8645513412807,-
gid://shopify/Product/8645513445575,-
gid://shopify/Product/8645513478343,-
gid://shopify/Product/8645513511111,-
gid://shopify/Product/8645513543879,-
gid://shopify/Product/8645516067015,-
gid://shopify/Product/8645516263623,-
gid://shopify/Product/8645521506503,-
gid://shopify/Product/8645521932487,-
gid://shopify/Product/8645521998023,-
gid://shopify/Product/8645522161863,-
gid://shopify/Product/8645522260167,-
gid://shopify/Product/8645522325703,-
gid://shopify/Product/8645524553927,-
gid://shopify/Product/8645524652231,-
gid://shopify/Product/8645524750535,-
gid://shopify/Product/8645525373127,-
gid://shopify/Product/8645525438663,-
gid://shopify/Product/8645525471431,-
gid://shopify/Product/8645525831879,-
gid://shopify/Product/8645525864647,-
gid://shopify/Product/8645525897415,-
gid://shopify/Product/8645526454471,-
gid://shopify/Product/8645527961799,-
gid://shopify/Product/8645528486087,-
gid://shopify/Product/8645528518855,-
gid://shopify/Product/8645533204679,-
gid://shopify/Product/8645537300679,-
gid://shopify/Product/8645540872391,-
gid://shopify/Product/8645563285703,-
gid://shopify/Product/8645641994439,-
gid://shopify/Product/8645644910791,-
gid://shopify/Product/8645654937799,-
gid://shopify/Product/8645659852999,-
gid://shopify/Product/8645659885767,-
gid://shopify/Product/8645659918535,-
gid://shopify/Product/8645659984071,-
gid://shopify/Product/8645660016839,-
gid://shopify/Product/8645660082375,-
gid://shopify/Product/8645660704967,-
gid://shopify/Product/8645660770503,-
gid://shopify/Product/8645660803271,-
gid://shopify/Product/8645660836039,-
gid://shopify/Product/8645660868807,-
gid://shopify/Product/8645660934343,-
gid://shopify/Product/8645660967111,-
gid://shopify/Product/8645661065415,-
gid://shopify/Product/8645661130951,-
gid://shopify/Product/8645661196487,-
gid://shopify/Product/8645661229255,-
gid://shopify/Product/8645661262023,-
gid://shopify/Product/8645661294791,-
gid://shopify/Product/8645661360327,-
gid://shopify/Product/8645661393095,-
gid://shopify/Product/8645661425863,-
gid://shopify/Product/8645661458631,-
gid://shopify/Product/8645661524167,-
gid://shopify/Product/8645661589703,-
gid://shopify/Product/8645661622471,-
gid://shopify/Product/8645661655239,-
gid://shopify/Product/8645661720775,-
gid://shopify/Product/8645661753543,-
gid://shopify/Product/8645661786311,-
gid://shopify/Product/8645661819079,-
gid://shopify/Product/8645661884615,-
gid://shopify/Product/8645661917383,-
gid://shopify/Product/8645661950151,-
gid://shopify/Product/8645661982919,-
gid://shopify/Product/8645662015687,-
gid://shopify/Product/8645662048455,-
gid://shopify/Product/8645662113991,-
gid://shopify/Product/8645662146759,-
gid://shopify/Product/8645662212295,-
gid://shopify/Product/8645662277831,-
gid://shopify/Product/8645662310599,-
gid://shopify/Product/8645662343367,-
gid://shopify/Product/8645662376135,-
gid://shopify/Product/8645662408903,-
gid://shopify/Product/8645662441671,-
gid://shopify/Product/8645662507207,-
gid://shopify/Product/8645662539975,-
gid://shopify/Product/8645662572743,-
gid://shopify/Product/8645662769351,-
gid://shopify/Product/8645667815623,-
gid://shopify/Product/8645667848391,-
gid://shopify/Product/8645676499143,-
gid://shopify/Product/8645677056199,-
gid://shopify/Product/8645707169991,-
gid://shopify/Product/8645707432135,-
gid://shopify/Product/8645708480711,-
gid://shopify/Product/8645713920199,-
gid://shopify/Product/8645723521223,-
gid://shopify/Product/8645723586759,-
gid://shopify/Product/8645723685063,-
gid://shopify/Product/8645731614919,-
gid://shopify/Product/8645850857671,-
gid://shopify/Product/8645850988743,-
gid://shopify/Product/8645851775175,-
gid://shopify/Product/8645852037319,-
gid://shopify/Product/8645852889287,-
gid://shopify/Product/8645853413575,-
gid://shopify/Product/8645856690375,-
gid://shopify/Product/8645859082439,-
gid://shopify/Product/8645875499207,-
gid://shopify/Product/8645875531975,-
gid://shopify/Product/8645875597511,-
gid://shopify/Product/8645876416711,-
gid://shopify/Product/8645938577607,-
gid://shopify/Product/8645938610375,-
gid://shopify/Product/8645938643143,-
gid://shopify/Product/8645938675911,-
gid://shopify/Product/8645938905287,-
gid://shopify/Product/8645938938055,-
gid://shopify/Product/8645938970823,-
gid://shopify/Product/8645939003591,-
gid://shopify/Product/8645939167431,-
gid://shopify/Product/8645939298503,-
gid://shopify/Product/8645939593415,-
gid://shopify/Product/8645939626183,-
gid://shopify/Product/8645939724487,-
gid://shopify/Product/8645939757255,-
gid://shopify/Product/8645939855559,-
gid://shopify/Product/8645939888327,-
gid://shopify/Product/8645939921095,-
gid://shopify/Product/8645939953863,-
gid://shopify/Product/8645939986631,-
gid://shopify/Product/8645940019399,-
gid://shopify/Product/8645940052167,-
gid://shopify/Product/8645940084935,-
gid://shopify/Product/8645940117703,-
gid://shopify/Product/8645940216007,-
gid://shopify/Product/8645940248775,-
gid://shopify/Product/8645940281543,-
gid://shopify/Product/8645940314311,-
gid://shopify/Product/8645940347079,-
gid://shopify/Product/8645940379847,-
gid://shopify/Product/8645940412615,-
gid://shopify/Product/8645940445383,-
gid://shopify/Product/8645940510919,-
gid://shopify/Product/8645940543687,-
gid://shopify/Product/8645940576455,-
gid://shopify/Product/8645940609223,-
gid://shopify/Product/8645942706375,-
gid://shopify/Product/8645943361735,-
gid://shopify/Product/8645944312007,-
gid://shopify/Product/8645948080327,-
gid://shopify/Product/8645948113095,-
gid://shopify/Product/8645948178631,-
gid://shopify/Product/8645948211399,-
gid://shopify/Product/8645948244167,-
gid://shopify/Product/8645948375239,-
gid://shopify/Product/8645948637383,-
gid://shopify/Product/8645948702919,-
gid://shopify/Product/8645948768455,-
gid://shopify/Product/8645948899527,-
gid://shopify/Product/8645948932295,-
gid://shopify/Product/8645948997831,-
gid://shopify/Product/8645949030599,-
gid://shopify/Product/8645949063367,-
gid://shopify/Product/8645949096135,-
gid://shopify/Product/8645949128903,-
gid://shopify/Product/8645949194439,-
gid://shopify/Product/8645949554887,-
gid://shopify/Product/8645949587655,-
gid://shopify/Product/8645949620423,-
gid://shopify/Product/8645949653191,-
gid://shopify/Product/8645950275783,-
gid://shopify/Product/8645950308551,-
gid://shopify/Product/8645950341319,-
gid://shopify/Product/8645951586503,-
gid://shopify/Product/8645952831687,-
gid://shopify/Product/8645952929991,-
gid://shopify/Product/8645956206791,-
gid://shopify/Product/8645956305095,-
gid://shopify/Product/8645956370631,-
gid://shopify/Product/8645956403399,-
gid://shopify/Product/8645956436167,-
gid://shopify/Product/8645956468935,-
gid://shopify/Product/8645956501703,-
gid://shopify/Product/8645956600007,-
gid://shopify/Product/8645956665543,-
gid://shopify/Product/8645956731079,-
gid://shopify/Product/8645956763847,-
gid://shopify/Product/8645956796615,-
gid://shopify/Product/8645956862151,-
gid://shopify/Product/8646026756295,-
