sku,GID,specs.width_mm,specs.depth_mm,specs.height_mm,specs.chiller_temperature,specs.freezer_temperature,specs.chiller_door_amount,specs.freezer_door_amount,specs.drawer_amount,specs.chiller_capacity_liter,specs.freezer_capacity_volume,specs.refrigerant,specs.voltage,specs.hz,specs.wattage,specs.ampere,specs.weight_kg,specs.packing_width,specs.packing_length_mm,specs.packing_height_mm,specs.packing_weight_kg,specs.made_in,specs.spareparts_warranty,specs.compressor_warranty,specs.service_warranty,specs.certificates
BER1-1D-DC-BBH-1,gid://shopify/Product/8645935431879,635,730,2060,+2 to +8°C,,1,,,400,,R134A,220-240,50,440,2.6,97,735,830,2160,123.3,Malaysia,1 Year,2 Years,1 Year,"CE, ROHS, IEC, SIRIM"
BER1-1D-DC-S,gid://shopify/Product/8645482840263,635,730,2060,+2 to +5°C,,1,,,444,,R134A,220-240,50,770,4.7,95,735,830,2160,121.3,Malaysia,1 Year,2 Years,1 Year,"CE, ROHS, IEC, SIRIM"
BER1-1D-DC-SM,gid://shopify/Product/8645935464647,635,730,2060,+1 to +6°C,,1,,,400,,R134A,220-240,50,404,2.6,95,735,830,2160,121.3,Malaysia,1 Year,2 Years,1 Year,"CE, ROHS, IEC, SIRIM"
BER1-1D-DF-S-EV,gid://shopify/Product/8645700387015,635,730,2060,,-20 to -14°C,,1,,,400 Liter,R404A,230,50,946,4.3,113,735,830,2160,139.3,Malaysia,1 Year,2 Years,1 Year,"CE, ROHS, IEC, SIRIM"
BER1-2D-DF-S-EV,gid://shopify/Product/8645935497415,1260,730,2060,,-20 to -14°C,,2,,,876 Liter,R404A,230,50,1561,6.9,199,1360,830,2160,225.3,Malaysia,1 Year,2 Years,1 Year,"CE, ROHS, IEC, SIRIM"
BER1-2D-DF-SM-EV,gid://shopify/Product/8645935530183,1260,730,2060,,-20 to -14°C,,2,,,876 Liter,R404A,230,50,1561,6.9,199,1360,830,2160,225.3,Malaysia,1 Year,2 Years,1 Year,"CE, ROHS, IEC, SIRIM"
BER1-3D-DC-BH-1-G,gid://shopify/Product/8645935562951,1880,730,2060,+2 to +8°C,,3,,,1507,,R134A,220-240,50,820,4.36,215,1980,830,2160,241.3,Malaysia,1 Year,2 Years,1 Year,"CE, ROHS, IEC, SIRIM"
BER1-3D-DC-S-50HZ,gid://shopify/Product/8645482873031,1885,730,2085,+2 to +5°C,,3,,,1694,,R134A,220-240,50,1190,7.5,209,1985,830,2185,235.3,Malaysia,1 Year,2 Years,1 Year,"CE, ROHS, IEC, SIRIM"
BER1-3D-DC-SM,gid://shopify/Product/8645935595719,1880,730,2060,+1 to +6°C,,3,,,1351,,R134A,220-240,50,989,5.3,209,1980,830,2160,235.3,Malaysia,1 Year,2 Years,1 Year,"CE, ROHS, IEC, SIRIM"
BER1-B2D-C4-BL,gid://shopify/Product/8645935628487,1200,770,990,+1°C to +6°C,,2,,,263,,R134A,230,50,353,2.06,97,1300,870,1090,123.3,Malaysia,1 Year,2 Years,1 Year,"CE, ROHS, IEC, SIRIM"
BER1-B2D-C5-BL,gid://shopify/Product/8645935661255,1500,750,990,+1°C to +6°C,,2,,,366,,R134A,230,50,454,3,107,1600,850,1090,133.3,Malaysia,1 Year,2 Years,1 Year,"CE, ROHS, IEC, SIRIM"
BER1-B2D-C5-L6,gid://shopify/Product/8645935726791,1500,660,840,+1°C to +6°C,,2,,,255,,R134A,230,50,486,2.9,80.7,1600,760,940,107,Malaysia,1 Year,2 Years,1 Year,"CE, ROHS, IEC, SIRIM"
BER1-B2D-C5-SM-L(600),gid://shopify/Product/8645935759559,1500,620,840,+1°C to +6°C,,2,,,255,,R134A,230,50,486,2.9,80.7,1600,720,940,107,Malaysia,1 Year,2 Years,1 Year,"CE, ROHS, IEC, SIRIM"
BER1-B2D-C6-7-SM-L(750),gid://shopify/Product/8645935792327,1800,770,840,+1°C to +6°C,,2,,,472,,R134A,230,50,524,3,117,1900,870,940,143.3,Malaysia,1 Year,2 Years,1 Year,"CE, ROHS, IEC, SIRIM"
BER1-B2D-C6-7-SM-L(760),gid://shopify/Product/8645935825095,1800,780,840,+1°C to +6°C,,2,,,472,,R134A,230,50,524,3,117,1900,880,940,143.3,Malaysia,1 Year,2 Years,1 Year,"CE, ROHS, IEC, SIRIM"
BER1-B2D-C6-L6-SM,gid://shopify/Product/8645482938567,1800,620,840,+1°C to +6°C,,2,,,329,,R134A,230,50,444,2.6,89.8,1900,720,940,116.1,Malaysia,1 Year,2 Years,1 Year,"CE, ROHS, IEC, SIRIM"
BER1-B3D-C7-7-SM-L(750),gid://shopify/Product/8645935857863,2100,770,840,+1°C to +6°C,,3,,,576,,R134A,230,50,499,3.2,143,2200,870,940,169.3,Malaysia,1 Year,2 Years,1 Year,"CE, ROHS, IEC, SIRIM"
BER1-B3D-C7-L(750),gid://shopify/Product/8645497127111,2100,770,840,+1°C to +6°C,,3,,,576,,R134A,230,50,499,3.2,143,2200,870,940,169.3,Malaysia,1 Year,2 Years,1 Year,"CE, ROHS, IEC, SIRIM"
BER1-B3D-C7-SM-L(600),gid://shopify/Product/8645935890631,2100,620,840,+1°C to +6°C,,3,,,405,,R134A,230,50,565,3.4,110.3,2200,720,940,136.6,Malaysia,1 Year,2 Years,1 Year,"CE, ROHS, IEC, SIRIM"
BER1-BS-SW1D-L4(750),gid://shopify/Product/8645483397319,1200,750,840,+2 to +8°C,,1,,,251,,R134A,220-240,50,,,95,1300,850,940,121.3,Malaysia,1 Year,2 Years,1 Year,"CE, ROHS, IEC, SIRIM"
BER1-BS-SW2D-L5(750),gid://shopify/Product/8645849252039,1500,750,840,+2 to +8°C,,2,,,251,,R134A,220-240,50,,,105,1600,850,940,131.3,Malaysia,1 Year,2 Years,1 Year,"CE, ROHS, IEC, SIRIM"
BER1-BS-SW2D-L6(750),gid://shopify/Product/8645483462855,1800,750,840,+2 to +10°C,,2,,,432,,R134A,220-240,50,,,120,1900,850,940,146.3,Malaysia,1 Year,2 Years,1 Year,"CE, ROHS, IEC, SIRIM"
BER1-BS-SW3D-L8(750),gid://shopify/Product/8645483430087,2400,750,840,+2 to +8°C,,3,,,,,R134A,220-240,50,,,200,2500,850,940,226.3,Malaysia,1 Year,2 Years,1 Year,"CE, ROHS, IEC, SIRIM"
BER1-BS1D-PCF4-Z(760),gid://shopify/Product/8645521440967,1200,760,1080,+1 to +6°C,,1,,,216,,R134A,230,50,420,3,119,1300,860,1180,145.3,Malaysia,1 Year,2 Years,1 Year,"CE, ROHS, IEC, SIRIM"
BER1-BS2D-C4-L(750),gid://shopify/Product/8645935923399,1200,750,840,+2 to +6°C,,2,,,233,,R134A,230,50,353,2.3,89,1300,850,940,115.3,Malaysia,1 Year,2 Years,1 Year,"CE, ROHS, IEC, SIRIM"
BER1-BS2D-C5-6-L(600),gid://shopify/Product/8645935956167,1500,600,840,+2 to +6°C,,2,,,300,,R134A,230,50,307,2,98,1600,700,940,124.3,Malaysia,1 Year,2 Years,1 Year,"CE, ROHS, IEC, SIRIM"
BER1-BS2D-C5-L(750),gid://shopify/Product/8645936021703,1500,750,840,+2 to +6°C,,2,,,366,,R134A,230,50,307,2,98,1600,850,940,124.3,Malaysia,1 Year,2 Years,1 Year,"CE, ROHS, IEC, SIRIM"
BER1-BS2D-C5-L-2F2B(750),gid://shopify/Product/8645483069639,1500,750,840,+2 to +6°C,,4,,,366,,R134A,230,50,307,2,98,1600,850,940,124.3,Malaysia,1 Year,2 Years,1 Year,"CE, ROHS, IEC, SIRIM"
BER1-BS2D-C5-Z-L(760),gid://shopify/Product/8645483561159,1500,760,840,+2 to +6°C,,2,,,366,,R134A,230,50,307,2,98,1600,860,940,124.3,Malaysia,1 Year,2 Years,1 Year,"CE, ROHS, IEC, SIRIM"
BER1-BS2D-C6-Z-L(750),gid://shopify/Product/8645483593927,1800,750,840,+2 to +6°C,,2,,,472,,R134A,230,50,410,2.8,112,1900,850,940,138.3,Malaysia,1 Year,2 Years,1 Year,"CE, ROHS, IEC, SIRIM"
BER1-BS2D-CF4-Z-L(760),gid://shopify/Product/8645483626695,1200,760,840,+1 to +6°C,-20 to -14°C,1,1,,127,127 Liter,R404A,230,50,409,2.7,88,1300,860,940,114.3,Malaysia,1 Year,2 Years,1 Year,"CE, ROHS, IEC, SIRIM"
BER1-BS2D-CF6-L,gid://shopify/Product/8645936054471,1800,760,840,+1 to +6°C,-20 to -14°C,1,1,,230,230 Liter,R404A,230,50,504,3.4,119,1900,860,940,145.3,Malaysia,1 Year,2 Years,1 Year,"CE, ROHS, IEC, SIRIM"
BER1-BS2D-CF6-L(750),gid://shopify/Product/8645936087239,1800,750,840,+1 to +6°C,-20 to -14°C,1,1,,230,230 Liter,R404A,230,50,504,3.4,119,1900,850,940,145.3,Malaysia,1 Year,2 Years,1 Year,"CE, ROHS, IEC, SIRIM"
BER1-BS2D-F4-BL,gid://shopify/Product/8645936120007,1200,760,990,,-20 to -14°C,,2,,,262 Liter,R404A,230,50,444,3,88,1300,860,1090,114.3,Malaysia,1 Year,2 Years,1 Year,"CE, ROHS, IEC, SIRIM"
BER1-BS2D-F4-L,gid://shopify/Product/8645506793671,1200,760,840,,-20 to -14°C,,2,,,262 Liter,R404A,230,50,444,3,88,1300,860,940,114.3,Malaysia,1 Year,2 Years,1 Year,"CE, ROHS, IEC, SIRIM"
BER1-BS2D-F4-L(750),gid://shopify/Product/8645936152775,1200,750,840,,-20 to -14°C,,2,,,262 Liter,R404A,230,50,444,3,88,1300,850,940,114.3,Malaysia,1 Year,2 Years,1 Year,"CE, ROHS, IEC, SIRIM"
BER1-BS2D-F4-Z-L(750),gid://shopify/Product/8645936185543,1200,750,840,,-20 to -14°C,,2,,,262 Liter,R404A,230,50,444,3,88,1300,850,940,114.3,Malaysia,1 Year,2 Years,1 Year,"CE, ROHS, IEC, SIRIM"
BER1-BS2D-F5-BL,gid://shopify/Product/8645936218311,1500,760,990,,-20 to -14°C,,2,,,366 Liter,R404A,230,50,429,3.1,102,1600,860,1090,128.3,Malaysia,1 Year,2 Years,1 Year,"CE, ROHS, IEC, SIRIM"
BER1-BS2D-F5-L,gid://shopify/Product/8645936251079,1500,760,840,,-20 to -14°C,,2,,,366 Liter,R404A,230,50,429,3.1,102,1600,860,940,128.3,Malaysia,1 Year,2 Years,1 Year,"CE, ROHS, IEC, SIRIM"
BER1-BS2D-F5-Z-L(760),gid://shopify/Product/8645936283847,1500,760,840,,-20 to -14°C,,2,,,366 Liter,R404A,230,50,429,3.1,102,1600,860,940,128.3,Malaysia,1 Year,2 Years,1 Year,"CE, ROHS, IEC, SIRIM"
BER1-BS2D-F6-L,gid://shopify/Product/8645936316615,1800,760,840,,-20 to -14°C,,2,,,472 Liter,R404A,230,50,641,4.1,116,1900,860,940,142.3,Malaysia,1 Year,2 Years,1 Year,"CE, ROHS, IEC, SIRIM"
BER1-BS2D-F6-L(750),gid://shopify/Product/8645936349383,1800,750,840,,-20 to -14°C,,2,,,472 Liter,R404A,230,50,641,4.1,116,1900,850,940,142.3,Malaysia,1 Year,2 Years,1 Year,"CE, ROHS, IEC, SIRIM"
BER1-BS2D-PCF6-Z(760),gid://shopify/Product/8645483299015,1800,760,1080,+1 to +6°C,,2,,,426,,R134A,230,50,504,3.8,156,1900,860,1180,182.3,Malaysia,1 Year,2 Years,1 Year,"CE, ROHS, IEC, SIRIM"
BER1-BS2D-SSCF-Z-N-L(760),gid://shopify/Product/8645503123655,825,760,840,+1 to +6°C,,2,,,131,,R134A,230,50,382,2.5,89,925,860,940,115.3,Malaysia,1 Year,2 Years,1 Year,"CE, ROHS, IEC, SIRIM"
BER1-BS2DR-C1165-2-L(760),gid://shopify/Product/8645936414919,1165,760,840,+1 to +6°C,,,,2,279,,R134A,230,50,399,2.7,98,1265,860,940,124.3,Malaysia,1 Year,2 Years,1 Year,"CE, ROHS, IEC, SIRIM"
BER1-BS2DR-C4-2-L(750),gid://shopify/Product/8645936447687,1200,750,840,+1 to +6°C,,,,2,279,,R134A,230,50,399,2.7,98,1300,850,940,124.3,Malaysia,1 Year,2 Years,1 Year,"CE, ROHS, IEC, SIRIM"
BER1-BS2DU-C-Z-L(770),gid://shopify/Product/8645483167943,650,770,2060,+1 to +6°C,,2,,,471,,R134A,230,50,377,2.6,97,750,870,2160,123.3,Malaysia,1 Year,2 Years,1 Year,"CE, ROHS, IEC, SIRIM"
BER1-BS2DU-CF-L,gid://shopify/Product/8645483233479,675,762,2085,+1 to +6°C,-20 to -14°C,1,1,,247,247 Liter,R134A,230,50,,,112,775,862,2185,138.3,Malaysia,1 Year,2 Years,1 Year,"CE, ROHS, IEC, SIRIM"
BER1-BS2DU-F-Z-L(770),gid://shopify/Product/8645601722567,650,770,2060,,-20 to -14°C,,2,,,471 Liter,R404A,230,50,642,4.2,102,750,870,2160,128.3,Malaysia,1 Year,2 Years,1 Year,"CE, ROHS, IEC, SIRIM"
BER1-BS3D-2C1-F7-Z-L(750),gid://shopify/Product/8645849481415,2100,750,840,+1 to +6°C,-20 to -14°C,2,1,,375,183 Liter,R404A,230,50,510,3.5,141,2200,850,940,167.3,Malaysia,1 Year,2 Years,1 Year,"CE, ROHS, IEC, SIRIM"
BER1-BS3D-C7-Z-L(750),gid://shopify/Product/8645849514183,2100,750,840,+1 to +6°C,,3,,,576,,R134A,230,50,413,2.7,134,2200,850,940,160.3,Malaysia,1 Year,2 Years,1 Year,"CE, ROHS, IEC, SIRIM"
BER1-BS3D-C8-L(750),gid://shopify/Product/8645483331783,2400,750,840,+1 to +6°C,,3,,,681,,R134A,230,50,416,2.9,146,2500,850,940,172.3,Malaysia,1 Year,2 Years,1 Year,"CE, ROHS, IEC, SIRIM"
BER1-BS3D-CF7-L,gid://shopify/Product/8645936480455,2100,750,840,+1 to +6°C,-20 to -14°C,2,1,,375,183 Liter,R404A,230,50,510,3.5,141,2200,850,940,167.3,Malaysia,1 Year,2 Years,1 Year,"CE, ROHS, IEC, SIRIM"
BER1-BS3D-F7-BL,gid://shopify/Product/8645936513223,2100,760,990,,-20 to -14°C,,3,,,576 Liter,R404A,230,50,684,4.3,138,2200,860,1090,164.3,Malaysia,1 Year,2 Years,1 Year,"CE, ROHS, IEC, SIRIM"
BER1-BS3D-F7-L,gid://shopify/Product/8645936545991,2100,760,840,,-20 to -14°C,,3,,,576 Liter,R404A,230,50,684,4.3,138,2200,860,940,164.3,Malaysia,1 Year,2 Years,1 Year,"CE, ROHS, IEC, SIRIM"
BER1-BS3D-F8-L(750),gid://shopify/Product/8645483364551,2400,750,840,,-20 to -14°C,,3,,,681 Liter,R404A,230,50,787,5.3,152,2500,850,940,178.3,Malaysia,1 Year,2 Years,1 Year,"CE, ROHS, IEC, SIRIM"
BER1-BS3DR-C4-3-L,gid://shopify/Product/8645503189191,1200,760,840,+1 to +6°C,,,,3,279,,R134A,230,50,399,2.7,125,1300,860,940,151.3,Malaysia,1 Year,2 Years,1 Year,"CE, ROHS, IEC, SIRIM"
BER1-BS4DR-C5-2-L(750),gid://shopify/Product/8645482905799,1500,750,840,+1 to +6°C,,,,2,366,,R134A,230,50,307,2,98,1600,850,940,124.3,Malaysia,1 Year,2 Years,1 Year,"CE, ROHS, IEC, SIRIM"
BER1-BS4DR-C6-2-L(750),gid://shopify/Product/8645485560007,1800,750,840,+1 to +6°C,,,,4,472,,R134A,230,50,410,2.8,112,1900,850,940,138.3,Malaysia,1 Year,2 Years,1 Year,"CE, ROHS, IEC, SIRIM"
BER1-BS4DU-C-L,gid://shopify/Product/8645486837959,1300,770,2060,+1 to +6°C,,4,,,1029,,R134A,230,50,530,3.4,147,1400,870,2160,173.3,Malaysia,1 Year,2 Years,1 Year,"CE, ROHS, IEC, SIRIM"
BER1-BS4DU-C-W,gid://shopify/Product/8645936578759,1300,770,2060,+1 to +6°C,,4,,,1029,,R134A,230,50,530,3.4,147,1400,870,2160,173.3,Malaysia,1 Year,2 Years,1 Year,"CE, ROHS, IEC, SIRIM"
BER1-BS4DU-C-Z-L,gid://shopify/Product/8645936611527,1300,770,2060,+1 to +6°C,,4,,,1029,,R134A,230,50,530,3.4,147,1400,870,2160,173.3,Malaysia,1 Year,2 Years,1 Year,"CE, ROHS, IEC, SIRIM"
BER1-BS4DU-CF-L,gid://shopify/Product/8645486870727,1300,770,2060,+1 to +6°C,-20 to -14°C,2,2,,540,473 Liter,R404A,230,50,1016,6.6,182,1400,870,2160,208.3,Malaysia,1 Year,2 Years,1 Year,"CE, ROHS, IEC, SIRIM"
BER1-BS4DU-F-Z-L,gid://shopify/Product/8645496406215,1300,770,2060,,-20 to -14°C,,4,,,1029 Liter,R404A,230,50,791,3.7,165,1400,870,2160,191.3,Malaysia,1 Year,2 Years,1 Year,"CE, ROHS, IEC, SIRIM"
BER1-BS6DU-C-Z-L(770),gid://shopify/Product/8645486903495,1950,770,2060,+1 to +6°C,,6,,,1602,,R134A,230,50,783,5.8,201,2050,870,2160,227.3,Malaysia,1 Year,2 Years,1 Year,"CE, ROHS, IEC, SIRIM"
BER1-BS6DU-CF-L,gid://shopify/Product/8645486936263,1950,770,2060,+1 to +6°C,-20 to -14°C,2,4,,540,1041 Liter,R404A,230,50,1178,6.3,266,2050,870,2160,292.3,Malaysia,1 Year,2 Years,1 Year,"CE, ROHS, IEC, SIRIM"
BER1-BS6DU-F-Z-L,gid://shopify/Product/8645486969031,1950,770,2060,,-20 to -14°C,,6,,,1602 Liter,R404A,230,50,1368,6.8,,2050,870,2160,26.3,Malaysia,1 Year,2 Years,1 Year,"CE, ROHS, IEC, SIRIM"
BER1-CCS09SB13-2FB,gid://shopify/Product/8645936742599,900,700,1350,+1°C to +6°C,,,,,316,,R134A,230,50,840,5.25,144,1000,800,1450,170.3,Malaysia,1 Year,,1 Year,"CE, ROHS, IEC, SIRIM"
BER1-CCS12SB13-2FB,gid://shopify/Product/8645936775367,1200,700,1350,+1°C to +6°C,,,,,439,,R134A,230,50,1050,6.3,190,1300,800,1450,216.3,Malaysia,1 Year,,1 Year,"CE, ROHS, IEC, SIRIM"
BER1-CKE3SCSB,gid://shopify/Product/8645483266247,910,730,1250,+1°C to +6°C,,,,,210,,R134A,230,50,800,5,156,1010,830,1350,182.3,Malaysia,1 Year,,1 Year,"CE, ROHS, IEC, SIRIM"
BER1-CKE3SCSM,gid://shopify/Product/8645936808135,910,730,1250,+1°C to +6°C,,,,,210,,R134A,230,50,800,5,156,1010,830,1350,182.3,Malaysia,1 Year,,1 Year,"CE, ROHS, IEC, SIRIM"
BER1-CKE4SCGM,gid://shopify/Product/8645936840903,1200,730,1250,+1°C to +6°C,,,,,290,,R134A,230,50,1000,6,193,1300,830,1350,219.3,Malaysia,1 Year,,1 Year,"CE, ROHS, IEC, SIRIM"
BER1-CKE4SCSM,gid://shopify/Product/8645936873671,1200,730,1250,+1°C to +6°C,,,,,290,,R134A,230,50,1000,6,193,1300,830,1350,219.3,Malaysia,1 Year,,1 Year,"CE, ROHS, IEC, SIRIM"
BER1-CKE5SCSB,gid://shopify/Product/8645936906439,1500,730,1250,+1°C to +6°C,,,,,360,,R134A,230,50,1100,6,222,1600,830,1350,248.3,Malaysia,1 Year,,1 Year,"CE, ROHS, IEC, SIRIM"
BER1-CKE5SCSM,gid://shopify/Product/8645936939207,1500,730,1250,+1°C to +6°C,,,,,360,,R134A,230,50,1100,6,222,1600,830,1350,248.3,Malaysia,1 Year,,1 Year,"CE, ROHS, IEC, SIRIM"
BER1-CKE6SCSB,gid://shopify/Product/8645936971975,1800,730,1250,+1°C to +6°C,,,,,440,,R134A,230,50,1400,8,266,1900,830,1350,292.3,Malaysia,1 Year,,1 Year,"CE, ROHS, IEC, SIRIM"
BER1-RCS09SB13-2FB,gid://shopify/Product/8645937561799,900,700,1350,+1°C to +6°C,,,,,,,R134A,230,50,780,4.1,171,1000,800,1450,197.3,Malaysia,1 Year,,1 Year,"CE, ROHS, IEC, SIRIM"
BER1-RCS15SB13-2FB,gid://shopify/Product/8645937594567,1500,700,1350,+1°C to +6°C,,,,,,,R134A,230,50,1079,5.6,250,1600,800,1450,276.3,Malaysia,1 Year,,1 Year,"CE, ROHS, IEC, SIRIM"
BER1-RCS18SB13-2FB,gid://shopify/Product/8645937627335,1800,700,1350,+1°C to +6°C,,,,,,,R134A,230,50,1304,7.3,295,1900,800,1450,321.3,Malaysia,1 Year,,1 Year,"CE, ROHS, IEC, SIRIM"
BER1-RCS5SM,gid://shopify/Product/8645937660103,1500,700,1360,+1°C to +6°C,,,,,,,R134A,230,50,1417,,145,1600,800,1460,171.3,Malaysia,1 Year,,1 Year,"CE, ROHS, IEC, SIRIM"
