Variant SKU,Product Type
PIM2-MINI-IB220-BL160E-24,Spare Part
PIM2-MINI-IB220-BL160E-10,Spare Part
PIM2-MINI-IB220-BL160E-04,Spare Part
PIM2-SM150000037,Spare Part
PIM2-SM150000036,Spare Part
PIM2-SM150000035,Spare Part
PIM2-SM150000032,Spare Part
PIM2-SM150000029,Spare Part
PIM2-SM150000026,Spare Part
PIM2-SM150000025,Spare Part
PIM2-SM150000023,Spare Part
PIM2-SM150000021,Spare Part
PIM2-SM150000020,Spare Part
PIM2-SM150000013,Spare Part
PIM2-SM150000012,Spare Part
PIM2-SM150000009,Spare Part
PIM2-SM150000007,Spare Part
PIM2-SM150000005,Spare Part
PIM2-SM150000004,Spare Part
PIM2-SM150000001,Spare Part
PIM2-SM100000038,Spare Part
PIM2-SM100000032,Spare Part
PIM2-SM100000031,Spare Part
PIM2-SM100000021,Spare Part
PIM2-SM100000013,Spare Part
PIM2-SM100000007,Spare Part
PIM2-SM100000006,Spare Part
PIM2-SM100000005,Spare Part
PIM2-SM100000002,Spare Part
PIM2-SM100000001,Spare Part
PIM2-SM-60L-211,Spare Part
PIM2-SM-50L-60L-109,Spare Part
PIM2-SM-50L-207,Spare Part
PIM2-SM-40L-102,Spare Part
PIM2-SM-30L-40L-101,Spare Part
PIM2-SM-30L-102,Spare Part
PIM2-SM-20L-102,Spare Part
PIM2-SM-20L-101,Spare Part
PIM2-PMG-30L-WH-708,Spare Part
PIM2-PMG-30L-WH-706,Spare Part
PIM2-PMG-30L-WH-307,Spare Part
PIM2-PMG-30L-WH-304,Spare Part
PIM2-PMG-30L-WH-1204,Spare Part
PIM2-PMG-30L-WH-1202,Spare Part
PIM2-PMG-30L-WH-1201,Spare Part
PIM2-PM-40L-SV-04,Spare Part
PIM2-PM-30L-SV-7,Spare Part
PIM2-PM-30L-SV-18,Spare Part
PIM2-PM-30L-SV-135,Spare Part
PIM2-PM-20L-SV-96,Spare Part
PIM2-PM-20L-SV-79,Spare Part
PIM2-PM-20L-SV-75,Spare Part
PIM2-PM-20L-SV-44,Spare Part
PIM2-PM-20L-SV-34,Spare Part
PIM2-PM-20L-SV-22,Spare Part
PIM2-PM-20L-SV-17,Spare Part
PIM2-PM-20L-SV-16,Spare Part
PIM2-PM-20L-SV-11,Spare Part
PIM2-PM-20L-SV-100,Spare Part
PIM2-JD180000039,Spare Part
PIM2-JD180000037,Spare Part
PIM2-JD180000036,Spare Part
PIM2-JD180000035,Spare Part
PIM2-JD180000034,Spare Part
PIM2-JD180000031,Spare Part
PIM2-JD180000025,Spare Part
PIM2-JD180000021,Spare Part
PIM2-JD180000018,Spare Part
PIM2-JD180000013,Spare Part
PIM2-JD180000012,Spare Part
PIM2-JD180000011,Spare Part
PIM2-JD180000010,Spare Part
PIM2-JD180000009,Spare Part
PIM2-JD180000006,Spare Part
PIM2-JD180000002,Spare Part
PIM2-JD10000009,Spare Part
PIM2-JD10000006,Spare Part
PIM2-JD10000001,Spare Part
PIM2-IMB850-650W-BL550-24,Spare Part
PIM2-IMB850-650W-BL550-22,Spare Part
PIM2-IMB850-650W-BL550-21,Spare Part
PIM2-IMB850-650W-BL550-20,Spare Part
PIM2-IMB850-650W-BL550-19,Spare Part
PIM2-IMB850-650W-BL550-18,Spare Part
PIM2-IMB850-650W-BL550-16,Spare Part
PIM2-IMB850-650W-BL550-15,Spare Part
PIM2-IMB850-650W-BL550-14,Spare Part
PIM2-IMB850-650W-BL550-13,Spare Part
PIM2-IMB850-650W-BL550-12,Spare Part
PIM2-IMB850-650W-BL550-11,Spare Part
PIM2-IMB850-650W-BL550-10,Spare Part
PIM2-IMB850-650W-BL550-09,Spare Part
PIM2-IMB850-650W-BL550-08,Spare Part
PIM2-IMB850-650W-BL550-07,Spare Part
PIM2-IMB850-650W-BL550-06,Spare Part
PIM2-IMB850-650W-BL550-01,Spare Part
PIM2-IMB650-650W-BL450-24,Spare Part
PIM2-IMB650-650W-BL450-22,Spare Part
PIM2-IMB650-650W-BL450-21,Spare Part
PIM2-IMB650-650W-BL450-20,Spare Part
PIM2-IMB650-650W-BL450-19,Spare Part
PIM2-IMB650-650W-BL450-18,Spare Part
PIM2-IMB650-650W-BL450-17,Spare Part
PIM2-IMB650-650W-BL450-16,Spare Part
PIM2-IMB650-650W-BL450-15,Spare Part
PIM2-IMB650-650W-BL450-14,Spare Part
PIM2-IMB650-650W-BL450-13,Spare Part
PIM2-IMB650-650W-BL450-12,Spare Part
PIM2-IMB650-650W-BL450-10,Spare Part
PIM2-IMB650-650W-BL450-09,Spare Part
PIM2-IMB650-650W-BL450-08,Spare Part
PIM2-IMB650-650W-BL450-07,Spare Part
PIM2-IMB650-650W-BL450-06,Spare Part
PIM2-IMB650-650W-BL450-03,Spare Part
PIM2-IMB650-650W-BL450-01,Spare Part
PIM2-IMB450-450W-BL350-24,Spare Part
PIM2-IMB450-450W-BL350-21,Spare Part
PIM2-IMB450-450W-BL350-13,Spare Part
PIM2-IMB450-450W-BL350-11,Spare Part
PIM2-IMB450-450W-BL350-02,Spare Part
PIM2-IMB220-270W-BL250-23,Spare Part
PIM2-IMB220-270W-BL250-22,Spare Part
PIM2-IMB220-270W-BL250-21,Spare Part
PIM2-IMB220-270W-BL250-19,Spare Part
PIM2-IMB220-270W-BL250-17,Spare Part
PIM2-IMB220-270W-BL250-16,Spare Part
PIM2-IMB220-270W-BL250-15,Spare Part
PIM2-IMB220-270W-BL250-14,Spare Part
PIM2-FRZ43-4D-L-WSL1135,Spare Part
PIM2-FRZ43-4D-L-RBDS566,Spare Part
PIM2-FRZ43-4D-L-MBB,Spare Part
PIM2-FRZ43-4D-L-FDFH,Spare Part
PIM2-FRZ43-4D-L-EPTF,Spare Part
PIM2-FRZ43-4D-L-EPT,Spare Part
PIM2-FRZ43-4D-L-CDSF,Spare Part
PIM2-FRZ43-4D-L-CDS,Spare Part
PIM2-FRZ43-2D-L-WSL505,Spare Part
PIM2-FRZ43-2D-L-RBDS566,Spare Part
PIM2-FRZ43-2D-L-MBB,Spare Part
PIM2-FRZ43-2D-L-EPTF,Spare Part
PIM2-FRZ43-2D-L-EPT,Spare Part
PIM2-FRZ43-2D-L-CDSF,Spare Part
PIM2-FRZ43-2D-L-CDS,Spare Part
PIM2-FRZ18-3D-L75-WSL,Spare Part
PIM2-FRZ18-3D-L75-RBDS,Spare Part
PIM2-FRZ18-3D-L75-MBB,Spare Part
PIM2-FRZ18-3D-L75-FDFH,Spare Part
PIM2-FRZ18-3D-L75-EPTF,Spare Part
PIM2-FRZ18-3D-L75-EPT,Spare Part
PIM2-FRZ18-3D-L75-CDSF,Spare Part
PIM2-FRZ18-3D-L75-CDS,Spare Part
PIM2-FRZ15-2D-L75-WSL1050,Spare Part
PIM2-FRZ15-2D-L75-RBDS530,Spare Part
PIM2-FRZ15-2D-L75-MBB,Spare Part
PIM2-FRZ15-2D-L75-FDFH,Spare Part
PIM2-FRZ15-2D-L75-EPTF,Spare Part
PIM2-FRZ15-2D-L75-EPT,Spare Part
PIM2-FRZ15-2D-L75-CDSF,Spare Part
PIM2-FRZ15-2D-L75-CDS,Spare Part
PIM2-FRZ12-2D-L75-WSL750,Spare Part
PIM2-FRZ12-2D-L75-RBDS380,Spare Part
PIM2-FRZ12-2D-L75-MBB,Spare Part
PIM2-FRZ12-2D-L75-FDFH,Spare Part
PIM2-FRZ12-2D-L75-EPTF,Spare Part
PIM2-FRZ12-2D-L75-EPT,Spare Part
PIM2-FRZ12-2D-L75-CDSF,Spare Part
PIM2-FRZ12-2D-L75-CDS,Spare Part
PIM2-CHL43-4D-L-WSL1135,Spare Part
PIM2-CHL43-4D-L-RBDS566,Spare Part
PIM2-CHL43-4D-L-MBB,Spare Part
PIM2-CHL43-4D-L-EPTF,Spare Part
PIM2-CHL43-4D-L-EPT,Spare Part
PIM2-CHL43-4D-L-CDSF,Spare Part
PIM2-CHL43-4D-L-CDS,Spare Part
PIM2-CHL18-3D-L75-WSL,Spare Part
PIM2-CHL18-3D-L75-RBDS,Spare Part
PIM2-CHL18-3D-L75-MBB,Spare Part
PIM2-CHL18-3D-L75-EPTF,Spare Part
PIM2-CHL18-3D-L75-EPT,Spare Part
PIM2-CHL18-3D-L75-CDSF,Spare Part
PIM2-CHL18-3D-L75-CDS,Spare Part
PIM2-CHL15-2D-L75-WSL1050,Spare Part
PIM2-CHL15-2D-L75-RBDS530,Spare Part
PIM2-CHL15-2D-L75-MBB,Spare Part
PIM2-CHL15-2D-L75-EPTF,Spare Part
PIM2-CHL15-2D-L75-EPT,Spare Part
PIM2-CHL15-2D-L75-CDSF,Spare Part
PIM2-CHL15-2D-L75-CDS,Spare Part
PIM2-CHL12-2D-L75-WSL750,Spare Part
PIM2-CHL12-2D-L75-EPTF,Spare Part
PIM2-CHL12-2D-L75-EPT,Spare Part
PIM2-CHL12-2D-L75-CDSF,Spare Part
PIM2-CHL12-2D-L75-CDS,Spare Part
PIM2-CF7-103-10-FLANGE,Spare Part
PIM2-CF5-68-10-FLANGE,Spare Part
PIM2-BSC31-0003,Spare Part
NTS2-CD-401-6L-E,Spare Part
NTS2-CD-401-6L-D,Spare Part
LKK2-CK-PLATE(JB35),Spare Part
LKK2-530-30-1-(UP),Spare Part
LKK2-530-30-1-(DOWN),Spare Part
JTA2-KNOB-BASE-21,Spare Part
CAS2-4731133581-DX,Spare Part
BER2-DRO-4L-BURNER-CHANNEL,Spare Part
ASL2-PLASTIC-SHELL3500,Spare Part
ASL2-PLASTIC-SHELL-OLD,Spare Part
PIM2-EDO2-40CS-BK-H,Spare Part
SIR2-MOTOREP35,Spare Part
SIR2-COPRILA25PC,Spare Part
SIR2-LF152500010,Spare Part
PIM2-MINI-IB220-BL160E-25,Spare Part
PIM2-MINI-IB220-BL160E-23,Spare Part
PIM2-MINI-IB220-BL160E-08,Spare Part
STA2-2E-Z22595,Spare Part
PIM2-SM150000028,Spare Part
PIM2-SM-50L-60L-108,Spare Part
PIM2-SM-50L-60L-107,Spare Part
PIM2-SM-50L-211,Spare Part
PIM2-PMG-30L-WH-709,Spare Part
PIM2-PM-20L-SV-45,Spare Part
PIM2-PM-20L-SV-43,Spare Part
PIM2-PILOT-NOZZLE,Spare Part
PIM2-JD180000030,Spare Part
PIM2-IMB850-650W-BL550-04,Spare Part
PIM2-IMB450-450W-BL350-10,Spare Part
PIM2-IMB220-270W-BL250-20,Spare Part
PIM2-DOOR-SEAL,Spare Part
PIM2-CHL12-2D-L75-MBB,Spare Part
LKK2-WIRE-TERMINAL,Spare Part
LKK2-KNOB-TI(OLD-WF),Spare Part
BER2-GS-M1071-UR-565X685,Spare Part
ROL2-15245,Spare Part
SEV2-00504,Spare Part
SEV2-00520,Spare Part
SEV2-00506,Spare Part
SEV2-00640,Spare Part
SEV2-00503,Spare Part
SEV2-00665,Spare Part
SEV2-00566,Spare Part
SEV2-00558,Spare Part
SEV2-00625,Spare Part
SEV2-00641,Spare Part
SEV2-00666,Spare Part
SEV2-00502,Spare Part
SEV2-00499,Spare Part
SEV2-00507,Spare Part
SEV2-00505,Spare Part
SEV2-00701,Spare Part
SEV2-00500,Spare Part
SEV2-00574,Spare Part
SEV2-00573,Spare Part
SEV2-00559,Spare Part
SEV2-00664,Spare Part
SEV2-00498,Spare Part
SEV2-00660,Spare Part
SEV2-00606,Spare Part
SEV2-00501,Spare Part
SEV2-00653,Spare Part
SEV2-00548,Spare Part
SEV2-00647,Spare Part
SEV2-00667,Spare Part
SEV2-00668,Spare Part
SEV2-00521,Spare Part
SEV2-00704,Spare Part
SEV2-00626,Spare Part
SEV2-00585,Spare Part
SEV2-00609,Spare Part
SEV2-00555,Spare Part
SEV2-00615,Spare Part
SEV2-00669,Spare Part
SEV2-00650,Spare Part
SEV2-00630,Spare Part
SEV2-00608,Spare Part
SEV2-00593,Spare Part
SEV2-00642,Spare Part
SEV2-00644,Spare Part
SEV2-00635,Spare Part
SEV2-00657,Spare Part
SEV2-00613,Spare Part
SEV2-00639,Spare Part
SEV2-00643,Spare Part
SEV2-00527,Spare Part
SEV2-00636,Spare Part
SEV2-00661,Spare Part
SEV2-00655,Spare Part
SEV2-00649,Spare Part
SEV2-00619,Spare Part
SEV2-00612,Spare Part
SEV2-00589,Spare Part
SEV2-00564,Spare Part
SEV2-00654,Spare Part
SEV2-00624,Spare Part
SEV2-00645,Spare Part
SEV2-00570,Spare Part
SEV2-00662,Spare Part
SEV2-00637,Spare Part
SEV2-00616,Spare Part
SEV2-00611,Spare Part
SEV2-00590,Spare Part
SEV2-00583,Spare Part
SEV2-00648,Spare Part
SEV2-00621,Spare Part
SEV2-00582,Spare Part
SEV2-00663,Spare Part
SEV2-00634,Spare Part
SEV2-00604,Spare Part
SEV2-00607,Spare Part
SEV2-00599,Spare Part
SEV2-00633,Spare Part
SEV2-00580,Spare Part
SEV2-00579,Spare Part
SEV2-00600,Spare Part
SEV2-00592,Spare Part
SEV2-00587,Spare Part
SEV2-00553,Spare Part
SEV2-00652,Spare Part
SEV2-00620,Spare Part
SEV2-00617,Spare Part
SEV2-00610,Spare Part
SEV2-00591,Spare Part
SEV2-00586,Spare Part
SEV2-00623,Spare Part
SEV2-00622,Spare Part
SEV2-00572,Spare Part
SEV2-00658,Spare Part
SEV2-00638,Spare Part
SEV2-00560,Spare Part
SEV2-00549,Spare Part
SEV2-00656,Spare Part
SEV2-00601,Spare Part
SEV2-00618,Spare Part
SEV2-00584,Spare Part
SEV2-00602,Spare Part
SEV2-00565,Spare Part
SEV2-00603,Spare Part
SEV2-00588,Spare Part
SEV2-00614,Spare Part
SEV2-00569,Spare Part
SEV2-00571,Spare Part
SEV2-00563,Spare Part
SEV2-00568,Spare Part
SEV2-00551,Spare Part
SEV2-00550,Spare Part
SEV2-00605,Spare Part
SEV2-00575,Spare Part
SEV2-00562,Spare Part
SEV2-00561,Spare Part
SEV2-00557,Spare Part
SEV2-00554,Spare Part
SEV2-00552,Spare Part
SEV2-00598,Spare Part
SEV2-00597,Spare Part
SEV2-00596,Spare Part
SEV2-00594,Spare Part
SEV2-00578,Spare Part
SEV2-00577,Spare Part
SEV2-00576,Spare Part
SEV2-00567,Spare Part
SEV2-00556,Spare Part
SEV2-00595,Spare Part
SEV2-00581,Spare Part
TBA2-B1R0501105,Spare Part
TBA2-K2F1107200,Spare Part
TBA2-K3F2901507,Spare Part
TBA2-K2F1107401,Spare Part
ROB2-PC0595,Spare Part
TBA2-SP99088304,Spare Part
SEV2-00495,Spare Part
LIN2-EBM06,Spare Part
SIR2-SUPMOTVER,Spare Part
SIR2-MANPIA22,Spare Part
SIR2-PROTRAPIA22UD,Spare Part
SIR2-MANBRAC22P,Spare Part
SIR2-INSCOPLAM,Spare Part
SIR2-CING22,Spare Part
SIR2-PULEGGIACE,Spare Part
SIR2-PIEDAFFPLA,Spare Part
SIR2-MOLAAFF40,Spare Part
SIR2-BARCAN22,Spare Part
SIR2-CANOTTO22,Spare Part
SIR2-BARQUA22,Spare Part
SIR2-PIED,Spare Part
SIR2-BLOCCO22B,Spare Part
SIR2-CAMMECE,Spare Part
SIR2-MANGRA22,Spare Part
SIR2-INTERLUM,Spare Part
SIR2-MANCOPLAMP,Spare Part
SIR2-MOLASBA40,Spare Part
KIT2-9704324,Spare Part
SIR2-IGS101013,Spare Part
LKK2-TEMPER-GLASS315X95X6,Spare Part
BER2-GS-M1071-CT-410X522,Spare Part
BER2-GS-M1071-CT-405X519,Spare Part
PIM2-MINI-IB220-BL160E-18+19,Spare Part
PIM2-CHL12-2D-L75-DH,Spare Part
PIM2-CHL12-2D-L75-SLC,Spare Part
SIR2-SFCL053,Spare Part
SIR2-SFCL052,Spare Part
PIM2-URN-HEATING-ELEMENT,Spare Part
ROB2-MC0952,Spare Part
ROB2-PC0418,Spare Part
ROB2-MC0840,Spare Part
ROB2-PC0473,Spare Part
ROB2-MC0841,Spare Part
COF2-EVAPORATOR-CORE,Spare Part
PIM2-BSC31-0130,Spare Part
PIM2-BSC31-0021,Spare Part
COF2-EVAPORATOR-UNIT,Spare Part
COF2-EVAPORATOR-UNIT-NEW,Spare Part
SEV2-00629,Spare Part
ROB2-SS2415,Spare Part
CAS2-969602200,Spare Part
KIT2-3180162,Spare Part
PIM2-DR520-RF,Spare Part
ROL2-D02178,Spare Part
PIM2-PM-20L-SV-38,Spare Part
PIM2-PM-20L-SV-81,Spare Part
PIM2-PM-20L-SV-65,Spare Part
PIM2-PM-20L-SV-74,Spare Part
PIM2-PM-20L-SV-41,Spare Part
PIM2-PM-20L-SV-42,Spare Part
PIM2-PM-20L-SV-58,Spare Part
PIM2-PM-20L-SV-40,Spare Part
PIM2-PM-20L-SV-35,Spare Part
PIM2-PM-20L-SV-28,Spare Part
PIM2-PM-30L-SV-141,Spare Part
PIM2-PM-30L-SV-144,Spare Part
PIM2-PM-30L-SV-41-53,Spare Part
PIM2-PM-30L-SV-58,Spare Part
PIM2-PM-30L-SV-57,Spare Part
PIM2-PM-30L-SV-111,Spare Part
PIM2-PM-30L-SV-101,Spare Part
PIM2-PM-30L-SV-96,Spare Part
PIM2-PM-30L-SV-23,Spare Part
PIM2-PM-30L-SV-39,Spare Part
PIM2-PM-30L-SV-68,Spare Part
PIM2-PM-30L-SV-27,Spare Part
PIM2-PM-30L-SV-78,Spare Part
PIM2-PM-30L-SV-80,Spare Part
PIM2-PM-30L-SV-79,Spare Part
PIM2-PM-30L-SV-16,Spare Part
PIM2-PM-30L-SV-62,Spare Part
PIM2-PM-40L-SV-26,Spare Part
PIM2-PM-40L-SV-25,Spare Part
PIM2-PM-40L-SV-24,Spare Part
PIM2-PM-40L-SV-23,Spare Part
PIM2-PM-40L-SV-22,Spare Part
PIM2-PM-40L-SV-18-19,Spare Part
PIM2-PM-40L-SV-10,Spare Part
PIM2-PM-40L-SV-09,Spare Part
PIM2-PM-40L-SV-08,Spare Part
PIM2-PM-40L-SV-07,Spare Part
PIM2-PM-40L-SV-06,Spare Part
PIM2-PM-40L-SV-05,Spare Part
SEV2-00510,Spare Part
ROB2-VS0350,Spare Part
PIT2-P6072185,Spare Part
PIM2-SM150000043,Spare Part
PIM2-SM150000042,Spare Part
PIM2-SM150000041,Spare Part
PIM2-SM150000040,Spare Part
PIM2-SM150000039,Spare Part
PIM2-SM150000038,Spare Part
PIM2-SM150000034,Spare Part
PIM2-SM150000031,Spare Part
PIM2-SM150000027,Spare Part
PIM2-SM150000024,Spare Part
PIM2-SM150000022,Spare Part
PIM2-SM150000019,Spare Part
PIM2-SM150000017,Spare Part
PIM2-SM150000014,Spare Part
PIM2-SM150000011,Spare Part
PIM2-SM150000010,Spare Part
PIM2-SM150000008,Spare Part
PIM2-SM150000006,Spare Part
PIM2-SM150000003,Spare Part
PIM2-SM150000002,Spare Part
PIM2-SM100000042,Spare Part
PIM2-SM100000041,Spare Part
PIM2-SM100000037,Spare Part
PIM2-SM100000036,Spare Part
PIM2-SM100000032-1,Spare Part
PIM2-SM100000028,Spare Part
PIM2-SM100000025,Spare Part
PIM2-SM100000023,Spare Part
PIM2-SM100000020-1,Spare Part
PIM2-SM100000020,Spare Part
PIM2-SM100000019,Spare Part
PIM2-SM100000018,Spare Part
PIM2-SM100000017,Spare Part
PIM2-SM100000016,Spare Part
PIM2-SM100000015,Spare Part
PIM2-SM100000014,Spare Part
PIM2-SM100000012,Spare Part
PIM2-SM100000010,Spare Part
PIM2-SM100000009,Spare Part
PIM2-SM100000008,Spare Part
PIM2-SM100000004,Spare Part
PIM2-SM100000003,Spare Part
PIM2-JD180000008,Spare Part
PIM2-JD180000005,Spare Part
PIM2-JD180000004,Spare Part
PIM2-JD180000003,Spare Part
PIM2-JD180000001,Spare Part
PIM2-JD10000039,Spare Part
PIM2-JD10000037,Spare Part
PIM2-JD10000036,Spare Part
PIM2-JD10000035,Spare Part
PIM2-JD10000034,Spare Part
PIM2-JD10000031,Spare Part
PIM2-JD10000030,Spare Part
PIM2-JD10000025,Spare Part
PIM2-JD10000024,Spare Part
PIM2-JD10000021,Spare Part
PIM2-JD10000018,Spare Part
PIM2-JD10000013,Spare Part
PIM2-JD10000012,Spare Part
PIM2-JD10000011,Spare Part
PIM2-JD10000010,Spare Part
PIM2-JD10000008,Spare Part
PIM2-JD10000007,Spare Part
PIM2-JD10000005,Spare Part
PIM2-JD10000004,Spare Part
PIM2-JD10000003,Spare Part
PIM2-JD10000002,Spare Part
BER2-CI-CBT-1,Spare Part
ROB2-SS0765,Spare Part
TOA2-1700562,Spare Part
TOA2-1000693K,Spare Part
TOA2-1000680,Spare Part
TOA2-1000623,Spare Part
TOA2-1000592,Spare Part
HOU2-50001255,Spare Part
HOU2-50001254,Spare Part
HOU2-50000886,Spare Part
HOU2-114318,Spare Part
LIN2-TA86,Spare Part
ROL2-07219,Spare Part
ROL2-F01079,Spare Part
ROE2-507341S,Spare Part
ROL2-F04058,Spare Part
ROE2-49468,Spare Part
PIM2-FRZ43-2D-L-FDFH,Spare Part
PIM2-CHL43-2D-L-MBB,Spare Part
PIM2-CHL43-2D-L-EPTF,Spare Part
PIM2-CHL43-2D-L-EPT,Spare Part
PIM2-CHL43-2D-L-CDSF,Spare Part
PIM2-CHL43-2D-L-CDS,Spare Part
PIM2-CHL43-2D-L-WSL505,Spare Part
PIM2-CHL43-2D-L-RBDS566,Spare Part
PMF2-8K010135,Spare Part
PIM2-SM-50L-60L-206,Spare Part
PIM2-SM-50L-60L-205,Spare Part
PIM2-SM-50L-60L-204,Spare Part
PIM2-SM-50L-60L-203,Spare Part
PIM2-SM-50L-60L-222,Spare Part
PIM2-SM-50L-60L-225,Spare Part
PIM2-SM-50L-60L-212,Spare Part
PMF2-5I100024,Spare Part
NTS2-CD-401-6L-B,Spare Part
NTS2-CD-401-6L-A,Spare Part
NTS2-CD-401-4L-C,Spare Part
NTS2-CD-401-4L-A,Spare Part
NTS2-CD-401-4L-F,Spare Part
PIM2-IMB650-650W-BL450-25,Spare Part
PIM2-IMB650-650W-BL450-11,Spare Part
PIM2-IMB650-650W-BL450-04,Spare Part
PIM2-IMB450-450W-BL350-23,Spare Part
PIM2-IMB450-450W-BL350-22,Spare Part
PIM2-IMB450-450W-BL350-20,Spare Part
PIM2-IMB450-450W-BL350-19,Spare Part
PIM2-IMB450-450W-BL350-18,Spare Part
PIM2-IMB450-450W-BL350-17,Spare Part
PIM2-IMB450-450W-BL350-16,Spare Part
PIM2-IMB450-450W-BL350-15,Spare Part
PIM2-IMB450-450W-BL350-14,Spare Part
PIM2-IMB450-450W-BL350-12,Spare Part
PIM2-IMB450-450W-BL350-09,Spare Part
PIM2-IMB450-450W-BL350-08,Spare Part
PIM2-IMB450-450W-BL350-07,Spare Part
PIM2-IMB450-450W-BL350-05,Spare Part
PIM2-IMB450-450W-BL350-01,Spare Part
PIM2-IMB220-270W-BL200-23,Spare Part
PIM2-IMB220-270W-BL200-22,Spare Part
PIM2-IMB220-270W-BL200-21,Spare Part
PIM2-IMB220-270W-BL200-20,Spare Part
PIM2-IMB220-270W-BL200-19,Spare Part
PIM2-IMB220-270W-BL200-17,Spare Part
PIM2-IMB220-270W-BL200-16,Spare Part
PIM2-IMB220-270W-BL200-15,Spare Part
PIM2-IMB220-270W-BL200-14,Spare Part
PIM2-IMB220-270W-BL200-13,Spare Part
PIM2-IMB220-270W-BL200-12,Spare Part
PIM2-IMB220-270W-BL200-11,Spare Part
PIM2-IMB220-270W-BL200-10,Spare Part
PIM2-IMB220-270W-BL200-09,Spare Part
PIM2-IMB220-270W-BL200-08,Spare Part
PIM2-IMB220-270W-BL200-07,Spare Part
PIM2-IMB220-270W-BL200-06,Spare Part
PIM2-IMB220-270W-BL200-05,Spare Part
PIM2-IMB220-270W-BL200-04,Spare Part
PIM2-IMB220-270W-BL200-02,Spare Part
PIM2-IMB220-270W-BL200-01,Spare Part
PIM2-PMG-30L-WH-707,Spare Part
PIM2-PMG-30L-WH-705,Spare Part
PIM2-PMG-30L-WH-511,Spare Part
PIM2-PMG-30L-WH-506,Spare Part
PIM2-PMG-30L-WH-418,Spare Part
PIM2-PMG-30L-WH-416,Spare Part
PIM2-PMG-30L-WH-415,Spare Part
PIM2-PMG-30L-WH-413,Spare Part
PIM2-PMG-30L-WH-411,Spare Part
PIM2-PMG-30L-WH-409,Spare Part
PIM2-PMG-30L-WH-408,Spare Part
PIM2-PMG-30L-WH-407,Spare Part
PIM2-PMG-30L-WH-405,Spare Part
PIM2-PMG-30L-WH-404,Spare Part
PIM2-PMG-30L-WH-312,Spare Part
PIM2-PMG-30L-WH-311,Spare Part
PIM2-PMG-30L-WH-309,Spare Part
PIM2-PMG-30L-WH-222,Spare Part
PIM2-PMG-30L-WH-221,Spare Part
PIM2-PMG-30L-WH-220,Spare Part
PIM2-PMG-30L-WH-216,Spare Part
PIM2-PMG-30L-WH-215,Spare Part
PIM2-PMG-30L-WH-214,Spare Part
PIM2-PMG-30L-WH-213,Spare Part
PIM2-PMG-30L-WH-211,Spare Part
PIM2-PMG-30L-WH-210,Spare Part
PIM2-PMG-30L-WH-209,Spare Part
PIM2-PMG-30L-WH-207,Spare Part
PIM2-PMG-30L-WH-206,Spare Part
PIM2-PMG-30L-WH-203,Spare Part
PIM2-PMG-30L-WH-116,Spare Part
PIM2-PMG-30L-WH-111,Spare Part
PIM2-PMG-30L-WH-110,Spare Part
PIM2-PMG-30L-WH-109,Spare Part
PIM2-PMG-30L-WH-1203,Spare Part
PIM2-PMG-30L-WH-815,Spare Part
PIM2-PMG-30L-WH-616,Spare Part
PIM2-PMG-30L-WH-615,Spare Part
PIM2-PMG-30L-WH-605,Spare Part
PIM2-PMG-30L-WH-604,Spare Part
PIM2-PMG-30L-WH-603,Spare Part
PIM2-PMG-30L-WH-512,Spare Part
PIM2-PMG-30L-WH-509,Spare Part
PIM2-PMG-30L-WH-508,Spare Part
PIM2-PMG-30L-WH-417,Spare Part
PIM2-PMG-30L-WH-419,Spare Part
PIM2-PMG-30L-WH-414,Spare Part
PIM2-PMG-30L-WH-412,Spare Part
PIM2-PMG-30L-WH-410,Spare Part
PIM2-PMG-30L-WH-406,Spare Part
PIM2-PMG-30L-WH-403,Spare Part
PIM2-PMG-30L-WH-310,Spare Part
PIM2-PMG-30L-WH-306,Spare Part
PIM2-PMG-30L-WH-305,Spare Part
PIM2-PMG-30L-WH-303,Spare Part
PIM2-PMG-30L-WH-212,Spare Part
PIM2-PMG-30L-WH-208,Spare Part
PIM2-PMG-30L-WH-205,Spare Part
PIM2-PMG-30L-WH-204,Spare Part
PIM2-PMG-30L-WH-122,Spare Part
PIM2-PMG-30L-WH-118,Spare Part
PIM2-SM-50L-60L-102,Spare Part
PIM2-SM-50L-60L-101,Spare Part
PIM2-SM20-40L-225,Spare Part
PIM2-SM20-40L-223,Spare Part
PIM2-SM20-40L-212,Spare Part
PIM2-SM20-40L-211,Spare Part
PIM2-SM20-40L-109,Spare Part
PIM2-SM20-40L-108,Spare Part
PIM2-SM20-40L-107,Spare Part
LIN2-WI29,Spare Part
LIN2-GA45,Spare Part
LIN2-KN183,Spare Part
PIM2-801021041010,Spare Part
TOA2-1000105,Spare Part
TOA2-1800105,Spare Part
TOA2-S1170337,Spare Part
TOA2-52244,Spare Part
TOA2-1850191,Spare Part
TOA2-1700563,Spare Part
HAM2-990182200,Spare Part
PMF2-5M010505,Spare Part
PMF2-8K010130,Spare Part
SIR2-IGS816303,Spare Part
SIR2-19335055.11,Spare Part
SIR2-LF1533000S,Spare Part
SIR2-LF029916,Spare Part
SIR2-LF2029989,Spare Part
TBA2-KUF60DL0102,Spare Part
TBA2-KF6CD00106,Spare Part
TBA2-K1D4400306,Spare Part
TBA2-K2FP419103,Spare Part
TBA2-KG30311105,Spare Part
TBA2-K3F0624105,Spare Part
SEV2-00511,Spare Part
BER2-SENSOR-SWITCH,Spare Part
KIT2-9703905,Spare Part
KIT2-4162101,Spare Part
KIT2-4161697,Spare Part
KIT2-4160965,Spare Part
KIT2-4159662,Spare Part
KIT2-3177975,Spare Part
COG2-K80240,Spare Part
COG2-115166,Spare Part
COG2-80638,Spare Part
STA2-2M-Z3337,Spare Part
STA2-2I-05-07-0013,Spare Part
STA2-PS-Z9326,Spare Part
STA2-2N-Z9327,Spare Part
STA2-2R-Z22153,Spare Part
STA2-2E-05-07-0350,Spare Part
STA2-2E-Z3335,Spare Part
STA2-2E-Z2894,Spare Part
STA2-2E-Y9253,Spare Part
STA2-2E-Y9251,Spare Part
STA2-2E-Z3808,Spare Part
STA2-2E-Z3278,Spare Part
VTS2-0VT561,Spare Part
VTS2-0VT123,Spare Part
VTS2-0VT922,Spare Part
VTS2-0VT016,Spare Part
VTS2-0VT051,Spare Part
BER2-BR-B110-(SHORT),Spare Part
SEV2-UC-206,Spare Part
SEV2-6202-VA201,Spare Part
MID2-70852-NEW,Spare Part
SEV2-STL-SL3001,Spare Part
SEV2-QUICK-COUPLE,Spare Part
SEV2-LEG-CAMP,Spare Part
SEV2-FUSE-5A,Spare Part
SEV2-FUSE-3A,Spare Part
LKK2-MICRO-(OLD),Spare Part
LKK2-MICRO-(NEW),Spare Part
LKK2-IGNITOR-(WGF-181),Spare Part
WIN2-65002765-(WKT1000),Spare Part
WIN2-65002764-(WKT1000),Spare Part
LKK2-PROBE-1050MM,Spare Part
XIN2-LED-LIGHT,Spare Part
XIN2-DOOR-SEAL,Spare Part
CHR2-BASKET-COMPLETE,Spare Part
PER2-TIMER-MOTOR,Spare Part
PER2-PILOT-LIGHT,Spare Part
LKK2-FUSE-HOLDER,Spare Part
LKK2-FUSE-2-A,Spare Part
LKK2-FUSE-16A,Spare Part
LKK2-FAN-FOR-MOTOR,Spare Part
LKK2-DOOR-PLASTIC-HANDLE,Spare Part
LKK2-DOOR-PL-6,Spare Part
LKK2-DOOR-HINGE,Spare Part
LKK2-DK-J-Y,Spare Part
LKK2-CU-NUT,Spare Part
LKK2-COVER-NUT,Spare Part
LKK2-COVER-ELE-BOX,Spare Part
LKK2-CONTACTOR-380-V,Spare Part
LKK2-COMBINE-SWITCH,Spare Part
LKK2-CENTRIFUGAL-SWITCH,Spare Part
LKK2-CAPACITOR-25-MF,Spare Part
LKK2-BTR-CASE,Spare Part
LKK2-BOWL-TROLLEY,Spare Part
LKK2-BOTTOM-INSULATION,Spare Part
LKK2-BODY-FOR-HYG2D,Spare Part
LKK2-BM-5-1500W,Spare Part
LKK2-BLACK-COLOR,Spare Part
LKK2-B5A-SMALL-BELT,Spare Part
LKK2-B25-SHIFT-HANDLE,Spare Part
NTS2-CED-PC-HEAD-SET,Spare Part
NTS2-CD-401-6L-SPRING-SET,Spare Part
NEW2-H3JA-8C-5A,Spare Part
PIM2-BLOWER-VALVE,Spare Part
PIM2-BASE-BURNER+BURNER,Spare Part
PIM2-AUPO-BF216-1,Spare Part
PIM2-AUPO-BF216,Spare Part
PIM2-ADJUSTABLE-THE-COVER,Spare Part
RHE2-FRAME-D10,Spare Part
RHE2-FAN-BLADE,Spare Part
RHE2-6-(ELICA),Spare Part
RHE2-4+5-(S-SWORM),Spare Part
SAN2-52515-220-V,Spare Part
VAC2-SILICON-PROFIL,Spare Part
VAC2-PRESSURE-TUBE,Spare Part
UNI2-S-S-BOWL,Spare Part
WIN2-3104117-(GS23S),Spare Part
ZAN2-TERMOCOUPLE-J200,Spare Part
WNK2-S-S-PIPE,Spare Part
WNK2-ROLLER-SET-B,Spare Part
WNK2-13X9-MM,Spare Part
SKP2-SMPS-12W,Spare Part
SIR2-8-MM,Spare Part
SIR2-6202-Z,Spare Part
SIR2-6-MM,Spare Part
SIR2-4.5-MM,Spare Part
SIR2-3-MM,Spare Part
REF2-WIRE-SENSOR,Spare Part
REF2-CTE-68L8,Spare Part
PIM2-SILICA-FOR-TAP-1,Spare Part
PIM2-SILICA-FOR-TAP,Spare Part
PIM2-REPLACE-HEATING,Spare Part
PIM2-PILOT-IGNITOR,Spare Part
PIM2-ON-OFF-SAFETY-VALVE,Spare Part
PIM2-INNER-BOX,Spare Part
PIM2-FULL-SET-MSS-5H,Spare Part
PIM2-FAUCET-HEAD-PART,Spare Part
PIM2-DR520-PH-SCREW,Spare Part
NTS2-TRAVEL-SWITCH,Spare Part
NTS2-SWITCH-AZ-7120-10A,Spare Part
NTS2-ON-OFF-SWITCH,Spare Part
NTS2-INDICA-TOR-LIGHT,Spare Part
NTS2-H-PANEL,Spare Part
NTS2-H-MECHANISM,Spare Part
NTS2-F-MECHANISM,Spare Part
MID2-ZB4-BZ101-BD2,Spare Part
LKK2-TAP-DECORATE-COVER,Spare Part
LKK2-TAP-(WGF-181),Spare Part
LKK2-SWITCH-LOW,Spare Part
LKK2-SWITCH-HIGH,Spare Part
LKK2-SWITCH-16A-230V,Spare Part
LKK2-STOP-BOTTON(B),Spare Part
LKK2-START-BOTTON(B),Spare Part
LKK2-START-BOTTON,Spare Part
LKK2-SMALL-THERMOSTA,Spare Part
LKK2-SILICONE-GASKET,Spare Part
LKK2-SIGHT-GLASS-40,Spare Part
LKK2-SIGHT-GLASS-30,Spare Part
LKK2-SIGHT-GLASS-20,Spare Part
LKK2-SIGHT-GLASS-10,Spare Part
LKK2-SIDE-PANEL,Spare Part
LKK2-SEAL-OIL,Spare Part
LKK2-SEAL-DOOR,Spare Part
LKK2-SEAL-BODY,Spare Part
LKK2-SAFETY-TJ12I,Spare Part
LKK2-ROLLER-TUBE(RG9),Spare Part
LKK2-ROLLER-TUBE(RG7),Spare Part
LKK2-ROLLER-TUBE(RG30-11),Spare Part
LKK2-ROLLER-TUBE(RG24-7),Spare Part
LKK2-ROLLER-TUBE(RG18-7),Spare Part
LKK2-ROLLER-TUBE(RG12-5),Spare Part
LKK2-ROLLER-TUBE(RG11X),Spare Part
LKK2-RIGHT-SIDE-PANEL-RED,Spare Part
LKK2-PUSH-BOTTOM,Spare Part
LKK2-PROBE-TRIM-STRIP,Spare Part
LKK2-PROBE-NUT,Spare Part
LKK2-PROBE-600MM,Spare Part
LKK2-PROBE-550MM,Spare Part
LKK2-PROBE-1400MM,Spare Part
LKK2-PLATE-8(TJ32B),Spare Part
LKK2-PLATE-8(TC42),Spare Part
LKK2-PLATE-8(TC22),Spare Part
LKK2-PLATE-8(TC12I),Spare Part
LKK2-PLATE-6(TJ32B),Spare Part
LKK2-PLATE-6(TC42),Spare Part
LKK2-PLATE-6(TC22),Spare Part
LKK2-PLATE-6(TC12I),Spare Part
LKK2-PLATE-4.5(TC42),Spare Part
LKK2-PLATE-4.5(TC22),Spare Part
LKK2-PLATE-4.5(TC12I),Spare Part
LKK2-PLATE-3.5(TC22),Spare Part
LKK2-PLATE-3.5(TC12I),Spare Part
LKK2-PLATE-3(TJ32B),Spare Part
LKK2-PLATE-3(TC42),Spare Part
LKK2-PLATE-3(TC22),Spare Part
LKK2-PLATE-3(TC12I),Spare Part
LKK2-PILOT-LIGHT-R,Spare Part
LKK2-PILOT-LIGHT-O,Spare Part
LKK2-PILOT-LIGHT-G,Spare Part
LTE2-BLADE-ARM,Spare Part
LKK2-YELLOW-NIC12,Spare Part
LKK2-YD90L-6-4-P-B14,Spare Part
LKK2-WIRE-WHIP(B5B),Spare Part
LKK2-WIRE-WHIP(B50),Spare Part
LKK2-WIRE-WHIP(B40),Spare Part
LKK2-WIRE-WHIP(B10),Spare Part
LKK2-WATER-SPOUT,Spare Part
LKK2-WATER-PROTECTOR,Spare Part
LKK2-WATER-PIPE,Spare Part
LKK2-UP-DECORATE(EPC-6T),Spare Part
LKK2-UP-DECORATE(EPC-4T),Spare Part
LKK2-TOP-PLATE(NEW),Spare Part
LKK2-TOP-PLATE,Spare Part
LKK2-TOP-INSULATION,Spare Part
LKK2-TOGGLE-SWITCH,Spare Part
LKK2-TIMER(QL-PL-SERIES),Spare Part
LKK2-TIMER-WIRE,Spare Part
LKK2-THERMOSTAT16A-0-350,Spare Part
LKK2-THERMOSTAT-KNOB-BASE,Spare Part
LKK2-THERMOSTAT-KNOB,Spare Part
LKK2-JG-210-07-(2.5-CM),Spare Part
LKK2-JG-210-07-(2-CM),Spare Part
LKK2-IND350S-10-OLD,Spare Part
LKK2-IND350S-10-NEW,Spare Part
LKK2-IMER-BELT,Spare Part
LKK2-HOOK-(M20),Spare Part
LKK2-HEATING-TUBE,Spare Part
LKK2-HEATER-L,Spare Part
LKK2-HEATER-H,Spare Part
LKK2-HEAT-INFRARED,Spare Part
LKK2-HANDLE-(WF-101),Spare Part
LKK2-HANDLE-(EF-101),Spare Part
LKK2-GREEN-NIC12,Spare Part
LKK2-GLASS-FRAME,Spare Part
LKK2-GEAR-MOTOR,Spare Part
LKK2-OVEN-DOOR(LK-PL2-4-6,Spare Part
LKK2-ORANGE-NIC12,Spare Part
LKK2-OIL-SEAL,Spare Part
LKK2-MOUNTING-PLATE,Spare Part
LKK2-MIXING-SHAFT,Spare Part
LKK2-MICRO-SWITCH(WF-171),Spare Part
LKK2-MICRO-SWITCH,Spare Part
LKK2-LK-LEO-HEATER-BOILER,Spare Part
LKK2-LK-LEO-BOILER-SENSOR,Spare Part
LKK2-LK-BODY-TOP,Spare Part
LKK2-LIMIT-SWITCH,Spare Part
LKK2-LIGHT-SET,Spare Part
LKK2-LEFTSIDE-BODY(GFO4B),Spare Part
LKK2-LEFT-SIDE-PANEL(RED),Spare Part
LKK2-LEFT-SIDE-DOOR-FRAME,Spare Part
LKK2-KSQ3-LITTLE-FLOAT,Spare Part
LKK2-B10-DOUGH-ARM,Spare Part
LKK2-AIR-DUCT,Spare Part
LKK2-93-ROLLER-SUPPORT-R,Spare Part
LKK2-93-ROLLER-SUPPORT-L,Spare Part
LKK2-93-ROLLER-SUPPORT,Spare Part
LKK2-75-MF,Spare Part
LKK2-60-UF,Spare Part
LKK2-380V-1.5KW,Spare Part
LKK2-365X904-MM.,Spare Part
LKK2-35-MF,Spare Part
LKK2-300MFS-220-250VAC,Spare Part
LKK2-17-(BM-63),Spare Part
LKK2-16-MF,Spare Part
LKK2-16-(BM-63),Spare Part
LKK2-15-(WF-171),Spare Part
LKK2-15-(BM-63),Spare Part
LKK2-14-MF.,Spare Part
LKK2-1-2-PROBE,Spare Part
LKK2-011-300L-OLD,Spare Part
LKK2-011-300L-NEW,Spare Part
LKK2-005-300-L,Spare Part
LAC2-2211-116-078,Spare Part
JTA2-SMALL-HEXAGONAL,Spare Part
JTA2-OUTER-RACK,Spare Part
JTA2-KNOB-BASE-17,Spare Part
JTA2-BEARING-BUSH,Spare Part
JIN2-GLASS-DOOR,Spare Part
JIN2-DOOR-GASKET,Spare Part
JIN2-COVER-LEFT,Spare Part
INB2-ON-OFF-SWITCH,Spare Part
IMC2-L54-004-Z,Spare Part
IMC2-C23-004-M1-Z,Spare Part
IMC2-C15-013-M1,Spare Part
FUJ2-HANDLE-SWITCH,Spare Part
FRE2-PUMP-MOTOR,Spare Part
COF2-VALVE-BODY,Spare Part
COF2-STARTING-RELAY(0),Spare Part
COF2-S-S-FRONT,Spare Part
COF2-EVAPORATOR-PLAT,Spare Part
COF2-DRIP-TRAY1,Spare Part
COF2-DRIP-TRAY-P,Spare Part
COF2-CURRENT-RELAY,Spare Part
COF2-CAP-TUBE,Spare Part
COF2-35(SWITCH-MAIN),Spare Part
COF2-33(FRIDGE-SWITCH),Spare Part
COF2-32(PEDDLE-SWITCH),Spare Part
COF2-15(TANK-GASKET),Spare Part
COF2-14(COUNTER-PADDLE),Spare Part
COF2-13(STIRRING-PADDLE),Spare Part
CMK2-RELAY-10A,Spare Part
CMK2-FUSE-8A,Spare Part
CAS2-SP-L+R,Spare Part
HAM2-981100S,Spare Part
CAS2-4731133582-SX,Spare Part
HAM2-6200-VV,Spare Part
GRI2-90-028,Spare Part
GRI2-90-027-5,Spare Part
GRI2-90-027,Spare Part
GRI2-90-017,Spare Part
GRI2-90-015,Spare Part
BER2-WA-EA-DIODE-6A,Spare Part
BER2-VA-WB-CC,Spare Part
BER2-TLD-15W-05,Spare Part
BER2-SELVING-RIGHT,Spare Part
BER2-SELVING-LEFT,Spare Part
BER2-P-N-AP-4537B-S,Spare Part
BER2-OP-SALA-O.R,Spare Part
BER2-OP-DR-C-LHSDR-(R),Spare Part
BER2-OP-DR-C-LHSDR-(L),Spare Part
BER2-LE-FW-BULD,Spare Part
BER2-LE-2PIN-SOCKET,Spare Part
BER2-HW-S-S-LEG,Spare Part
BER2-HT-DF13-2.4KW,Spare Part
BER2-HT-DF12-3KW-1,Spare Part
BER2-HT-DF12-3KW,Spare Part
BER2-GS-M1071-UR-565X686,Spare Part
BER2-GS-M1071-UR-559X686,Spare Part
BER2-GS-M1071-UR-558X681,Spare Part
BER2-GS-M1071-UR-555X685,Spare Part
BER2-GS-M1071-UR-552X681,Spare Part
BER2-GS-M1071-UR-551X680,Spare Part
BER2-GS-M1071-UR-551X679,Spare Part
BER2-GS-M1071-UR-404X551,Spare Part
BER2-GS-M1071-CT-413X522,Spare Part
BER2-GS-M1071-CT-411X525,Spare Part
BER2-GS-M1071-CT-410X519,Spare Part
BER2-GS-M1071-CT-402X522,Spare Part
BER2-GS-M1071-CT-402X519,Spare Part
BER2-GS-M1071-CT-401X519,Spare Part
BER2-GAS-PIPE,Spare Part
BER2-COVER-U30,Spare Part
BER2-COVER-U10,Spare Part
BER2-COTR-TOP,Spare Part
BER2-CENTER-PANEL,Spare Part
BER2-C-BJS21-EXT,Spare Part
BER2-ACRYLIC-SHEET,Spare Part
BER2-2D-DC-BOTTOM-PANEL,Spare Part
ASL2-PLASTIC-SHELL,Spare Part
